tempAvgT,setPointT,relaystateT,Kpt,KiT,KdT,InputT,OutputT,tempAvgB,setPointB,relayStateB,KpB,KiB,KdB,InputB,OutputB
168,144,0,50,0,0,0,0,167,182,0,50,0,0,0,0,0
169,144,0,50,0,0,0,0,168,182,0,50,0,0,0,0,0
167,144,0,50,0,0,0,0,166,182,0,50,0,0,0,0,0
164,144,0,50,0,0,0,0,163,182,0,50,0,0,0,0,0
162,144,0,50,0,0,0,0,161,182,0,50,0,0,0,0,0
159,144,0,50,0,0,0,0,158,182,0,50,0,0,0,0,0
157,144,0,50,0,0,0,0,156,182,0,50,0,0,0,0,0
155,144,0,50,0,0,0,0,153,182,0,50,0,0,0,0,0
154,144,0,50,0,0,0,0,153,182,0,50,0,0,0,0,0
154,144,0,50,0,0,0,0,153,182,0,50,0,0,0,0,0
153,144,0,50,0,0,0,0,152,182,0,50,0,0,0,0,0
154,144,0,50,0,0,0,0,154,182,0,50,0,0,0,0,0
158,144,0,50,0,0,0,0,156,182,0,50,0,0,0,0,0
158,144,0,50,0,0,0,0,158,182,0,50,0,0,0,0,0
156,144,0,50,0,0,0,0,155,182,0,50,0,0,0,0,0
155,144,0,50,0,0,0,0,154,182,0,50,0,0,0,0,0
155,144,0,50,0,0,0,0,154,182,0,50,0,0,0,0,0
155,144,0,50,0,0,155,0,154,182,1,50,0,0,154,1000,0
154,144,0,50,0,0,154,0,153,182,1,50,0,0,153,1000,0
154,144,0,50,0,0,154,0,153,182,1,50,0,0,153,1000,0
158,144,0,50,0,0,158,0,158,182,1,50,0,0,158,1000,0
162,144,0,50,0,0,162,0,163,182,1,50,0,0,163,928,0
170,144,0,50,0,0,170,0,171,182,1,50,0,0,171,705,0
174,144,0,50,0,0,174,0,175,182,0,50,0,0,175,312,0
183,144,0,50,0,0,183,0,184,182,0,50,0,0,184,46,0
185,144,0,50,0,0,185,0,186,182,0,50,0,0,186,0,0
182,144,0,50,0,0,182,0,182,182,0,50,0,0,182,0,0
183,144,0,50,0,0,183,0,181,182,0,50,0,0,181,7,0
184,144,0,50,0,0,184,0,184,182,0,50,0,0,184,0,0
185,144,0,50,0,0,185,0,185,182,0,50,0,0,185,0,0
184,144,0,50,0,0,184,0,184,182,0,50,0,0,184,0,0
184,144,0,50,0,0,184,0,183,182,0,50,0,0,183,0,0
187,144,0,50,0,0,187,0,187,182,0,50,0,0,187,0,0
185,144,0,50,0,0,185,0,186,182,0,50,0,0,186,0,0
181,144,0,50,0,0,181,0,180,182,0,50,0,0,180,0,0
180,144,0,50,0,0,180,0,179,182,0,50,0,0,179,62,0
175,144,0,50,0,0,175,0,173,182,0,50,0,0,173,239,0
174,144,0,50,0,0,174,0,173,182,0,50,0,0,173,435,0
174,144,0,50,0,0,174,0,173,182,0,50,0,0,173,419,0
175,144,0,50,0,0,175,0,174,182,0,50,0,0,174,432,0
176,144,0,50,0,0,176,0,174,182,0,50,0,0,174,375,0
176,144,0,50,0,0,176,0,175,182,0,50,0,0,175,362,0
181,144,0,50,0,0,181,0,180,182,0,50,0,0,180,253,0
183,144,0,50,0,0,183,0,183,182,0,50,0,0,183,67,0
185,144,0,50,0,0,185,0,184,182,0,50,0,0,184,0,0
185,144,0,50,0,0,185,0,183,182,0,50,0,0,183,0,0
184,144,0,50,0,0,184,0,182,182,0,50,0,0,182,0,0
182,144,0,50,0,0,182,0,181,182,0,50,0,0,181,0,0
180,144,0,50,0,0,180,0,177,182,0,50,0,0,177,141,0
179,144,0,50,0,0,179,0,177,182,0,50,0,0,177,201,0
177,144,0,50,0,0,179,0,174,182,0,50,0,0,177,201,0
174,144,0,50,0,0,179,0,172,182,0,50,0,0,177,201,0
173,144,0,50,0,0,179,0,171,182,0,50,0,0,177,201,0
174,144,0,50,0,0,179,0,172,182,0,50,0,0,177,201,0
173,144,0,50,0,0,179,0,171,182,0,50,0,0,177,201,0
172,144,0,50,0,0,172,0,170,182,0,50,0,0,170,517,0
170,144,0,50,0,0,170,0,168,182,0,50,0,0,169,566,0
171,144,0,50,0,0,171,0,169,182,0,50,0,0,169,662,0
171,144,0,50,0,0,171,0,169,182,0,50,0,0,169,625,1
173,144,0,50,0,0,173,0,171,182,0,50,0,0,171,578,1
175,144,0,50,0,0,175,0,174,182,0,50,0,0,174,507,1
177,144,0,50,0,0,177,0,176,182,0,50,0,0,176,328,1
179,144,0,50,0,0,179,0,178,182,0,50,0,0,178,291,1
180,144,0,50,0,0,180,0,180,182,0,50,0,0,180,80,1
178,144,0,50,0,0,178,0,178,182,0,50,0,0,178,98,1
180,144,0,50,0,0,180,0,180,182,0,50,0,0,180,196,1
181,144,0,50,0,0,181,0,181,182,0,50,0,0,181,85,1
182,144,0,50,0,0,182,0,182,182,0,50,0,0,182,3,1
182,144,0,50,0,0,182,0,182,182,0,50,0,0,182,0,1
182,144,0,50,0,0,182,0,181,182,0,50,0,0,181,0,1
180,144,0,50,0,0,180,0,179,182,0,50,0,0,179,50,1
180,144,0,50,0,0,180,0,178,182,0,50,0,0,178,128,1
177,144,0,50,0,0,177,0,176,182,0,50,0,0,176,175,1
174,144,0,50,0,0,174,0,171,182,0,50,0,0,171,298,1
172,144,0,50,0,0,172,0,171,182,0,50,0,0,171,507,1
178,144,0,50,0,0,178,0,177,182,0,50,0,0,177,548,1
181,144,0,50,0,0,181,0,182,182,0,50,0,0,182,219,1
183,144,0,50,0,0,183,0,182,182,0,50,0,0,182,0,1
182,144,0,50,0,0,182,0,180,182,0,50,0,0,180,0,1
182,144,0,50,0,0,182,0,179,182,0,50,0,0,179,83,1
182,144,0,50,0,0,182,0,179,182,0,50,0,0,179,116,1
181,144,0,50,0,0,181,0,179,182,0,50,0,0,179,133,1
181,144,0,50,0,0,181,0,179,182,0,50,0,0,179,130,1
182,144,0,50,0,0,182,0,181,182,0,50,0,0,181,107,1
184,144,0,50,0,0,184,0,183,182,0,50,0,0,183,23,1
187,144,0,50,0,0,187,0,186,182,0,50,0,0,186,0,1
188,144,0,50,0,0,188,0,188,182,0,50,0,0,188,0,1
186,144,0,50,0,0,186,0,185,182,0,50,0,0,185,0,0
180,144,0,50,0,0,180,0,179,182,1,50,0,0,179,123,0
177,144,0,50,0,0,177,0,176,182,1,50,0,0,176,260,0
172,144,0,50,0,0,172,0,172,182,1,50,0,0,172,489,0
172,144,0,50,0,0,172,0,172,182,1,50,0,0,172,494,0
173,144,0,50,0,0,173,0,173,182,1,50,0,0,173,435,0
174,144,0,50,0,0,174,0,174,182,1,50,0,0,174,383,0
178,144,0,50,0,0,178,0,178,182,1,50,0,0,178,198,0
181,144,0,50,0,0,181,0,180,182,0,50,0,0,180,51,0
182,144,0,50,0,0,182,0,182,182,0,50,0,0,182,0,0
182,144,0,50,0,0,182,0,182,182,0,50,0,0,182,0,0
183,144,0,50,0,0,183,0,182,182,0,50,0,0,182,0,0
183,144,0,50,0,0,183,0,181,182,0,50,0,0,181,5,0
183,144,0,50,0,0,183,0,182,182,0,50,0,0,182,0,0
183,144,0,50,0,0,183,0,181,182,0,50,0,0,181,16,0
181,144,0,50,0,0,181,0,179,182,0,50,0,0,179,25,0
177,144,0,50,0,0,177,0,176,182,1,50,0,0,176,289,0
174,144,0,50,0,0,174,0,173,182,1,50,0,0,173,414,0
176,144,0,50,0,0,176,0,175,182,1,50,0,0,175,348,0
180,144,0,50,0,0,180,0,179,182,0,50,0,0,179,226,0
179,144,0,50,0,0,179,0,177,182,0,50,0,0,177,201,0
181,144,0,50,0,0,181,0,180,182,0,50,0,0,180,183,0
183,144,0,50,0,0,183,0,182,182,0,50,0,0,182,0,0
186,144,0,50,0,0,186,0,185,182,0,50,0,0,185,0,0
188,144,0,50,0,0,188,0,186,182,0,50,0,0,186,0,0
188,144,0,50,0,0,188,0,187,182,0,50,0,0,187,0,0
186,144,0,50,0,0,186,0,185,182,0,50,0,0,185,0,0
184,144,0,50,0,0,184,0,182,182,0,50,0,0,182,0,0
183,144,0,50,0,0,183,0,181,182,0,50,0,0,181,46,0
183,144,0,50,0,0,183,0,181,182,0,50,0,0,181,75,0
183,144,0,50,0,0,183,0,181,182,0,50,0,0,181,30,0
181,144,0,50,0,0,181,0,180,182,0,50,0,0,180,66,0
180,144,0,50,0,0,180,0,179,182,0,50,0,0,179,121,0
178,144,0,50,0,0,178,0,178,182,0,50,0,0,178,89,0
177,144,0,50,0,0,177,0,176,182,0,50,0,0,176,278,0
175,144,0,50,0,0,175,0,174,182,0,50,0,0,174,341,0
174,144,0,50,0,0,174,0,173,182,1,50,0,0,173,450,0
172,144,0,50,0,0,172,0,172,182,1,50,0,0,172,514,0
173,144,0,50,0,0,173,0,172,182,1,50,0,0,172,478,0
172,144,0,50,0,0,172,0,170,182,1,50,0,0,170,530,0
173,144,0,50,0,0,173,0,172,182,0,50,0,0,172,464,0
180,144,0,50,0,0,180,0,180,182,0,50,0,0,180,316,0
185,144,0,50,0,0,185,0,184,182,0,50,0,0,184,91,0
190,144,0,50,0,0,190,0,189,182,0,50,0,0,189,0,0
191,144,0,50,0,0,191,0,189,182,0,50,0,0,189,0,0
191,144,0,50,0,0,191,0,189,182,0,50,0,0,189,0,0
190,144,0,50,0,0,190,0,187,182,0,50,0,0,187,0,0
186,144,0,50,0,0,186,0,182,182,0,50,0,0,182,0,0
184,144,0,50,0,0,184,0,181,182,0,50,0,0,181,0,0
183,144,0,50,0,0,183,0,180,182,0,50,0,0,180,96,0
180,144,0,50,0,0,180,0,176,182,0,50,0,0,176,191,0
179,144,0,50,0,0,179,0,175,182,0,50,0,0,175,350,0
176,144,0,50,0,0,176,0,173,182,0,50,0,0,173,428,0
176,144,0,50,0,0,176,0,174,182,0,50,0,0,174,389,0
180,144,0,50,0,0,180,0,180,182,0,50,0,0,180,244,0
180,144,0,50,0,0,180,0,180,182,0,50,0,0,180,71,0
176,144,0,50,0,0,176,0,175,182,0,50,0,0,175,166,0
177,144,0,50,0,0,177,0,176,182,0,50,0,0,176,267,0
182,144,0,50,0,0,182,0,182,182,0,50,0,0,182,121,0
183,144,0,50,0,0,183,0,183,182,0,50,0,0,183,0,0
185,144,0,50,0,0,185,0,185,182,0,50,0,0,185,0,0
184,144,0,50,0,0,184,0,184,182,0,50,0,0,184,0,0
183,144,0,50,0,0,183,0,183,182,0,50,0,0,183,0,0
182,144,0,50,0,0,182,0,181,182,0,50,0,0,181,26,0
177,144,0,50,0,0,177,0,177,182,0,50,0,0,177,137,0
177,144,0,50,0,0,177,0,176,182,0,50,0,0,176,273,0
177,144,0,50,0,0,177,0,176,182,0,50,0,0,176,273,0
178,144,0,50,0,0,178,0,177,182,0,50,0,0,177,208,0
177,144,0,50,0,0,177,0,177,182,0,50,0,0,177,212,0
178,144,0,50,0,0,178,0,177,182,0,50,0,0,177,226,0
179,144,0,50,0,0,179,0,178,182,0,50,0,0,178,201,0
179,144,0,50,0,0,179,0,178,182,0,50,0,0,178,176,0
180,144,0,50,0,0,180,0,179,182,0,50,0,0,179,189,0
180,144,0,50,0,0,180,0,179,182,0,50,0,0,179,119,0
178,144,0,50,0,0,178,0,177,182,0,50,0,0,177,216,0
179,144,0,50,0,0,179,0,179,182,0,50,0,0,179,237,0
182,144,0,50,0,0,182,0,181,182,0,50,0,0,181,66,0
183,144,0,50,0,0,183,0,183,182,0,50,0,0,183,12,0
185,144,0,50,0,0,185,0,185,182,0,50,0,0,185,0,0
186,144,0,50,0,0,186,0,186,182,0,50,0,0,186,0,0
188,144,0,50,0,0,188,0,188,182,0,50,0,0,188,0,0
187,144,0,50,0,0,187,0,187,182,0,50,0,0,187,0,0
187,144,0,50,0,0,187,0,186,182,0,50,0,0,186,0,0
186,144,0,50,0,0,186,0,184,182,0,50,0,0,184,0,0
180,144,0,50,0,0,180,0,179,182,0,50,0,0,179,0,0
178,144,0,50,0,0,178,0,176,182,0,50,0,0,176,130,0
174,144,0,50,0,0,174,0,173,182,0,50,0,0,173,401,0
173,144,0,50,0,0,173,0,172,182,0,50,0,0,172,448,0
175,144,0,50,0,0,175,0,174,182,0,50,0,0,174,471,0
177,144,0,50,0,0,177,0,176,182,0,50,0,0,176,376,0
179,144,0,50,0,0,179,0,179,182,0,50,0,0,179,203,0
180,144,0,50,0,0,180,0,179,182,0,50,0,0,179,148,0
180,144,0,50,0,0,180,0,178,182,0,50,0,0,178,128,0
178,144,0,50,0,0,178,0,176,182,1,50,0,0,176,155,0
176,144,0,50,0,0,176,0,174,182,1,50,0,0,174,251,0
176,144,0,50,0,0,176,0,174,182,1,50,0,0,174,371,0
176,144,0,50,0,0,176,0,175,182,1,50,0,0,175,351,0
174,144,0,50,0,0,174,0,173,182,1,50,0,0,173,360,0
171,144,0,50,0,0,171,0,171,182,1,50,0,0,171,419,0
169,144,0,50,0,0,169,0,168,182,1,50,0,0,168,708,0
170,144,0,50,0,0,170,0,169,182,1,50,0,0,169,692,0
171,144,0,50,0,0,171,0,171,182,1,50,0,0,171,608,0
174,144,0,50,0,0,174,0,174,182,1,50,0,0,174,537,0
178,144,0,50,0,0,178,0,178,182,1,50,0,0,178,321,0
181,144,0,50,0,0,181,0,181,182,1,50,0,0,181,200,0
190,144,0,50,0,0,190,0,192,182,0,50,0,0,192,0,0
194,144,0,50,0,0,194,0,195,182,0,50,0,0,195,0,0
193,144,0,50,0,0,193,0,193,182,0,50,0,0,193,0,0
190,144,0,50,0,0,190,0,189,182,0,50,0,0,189,0,0
184,144,0,50,0,0,184,0,183,182,0,50,0,0,183,0,0
186,144,0,50,0,0,186,0,184,182,0,50,0,0,184,0,0
189,144,0,50,0,0,189,0,188,182,0,50,0,0,188,0,0
190,144,0,50,0,0,190,0,189,182,0,50,0,0,189,0,0
187,144,0,50,0,0,187,0,186,182,0,50,0,0,186,0,0
187,144,0,50,0,0,187,0,185,182,0,50,0,0,185,0,0
181,144,0,50,0,0,181,0,180,182,0,50,0,0,180,0,0
181,144,0,50,0,0,181,0,179,182,0,50,0,0,179,73,0
180,144,0,50,0,0,180,0,179,182,0,50,0,0,179,107,0
179,144,0,50,0,0,179,0,177,182,0,50,0,0,177,150,0
177,144,0,50,0,0,177,0,175,182,0,50,0,0,175,205,0
176,144,0,50,0,0,176,0,174,182,1,50,0,0,174,308,0
169,144,0,50,0,0,169,0,168,182,1,50,0,0,168,353,0
168,144,0,50,0,0,168,0,167,182,1,50,0,0,167,671,0
170,144,0,50,0,0,170,0,170,182,1,50,0,0,170,705,0
173,144,0,50,0,0,173,0,174,182,1,50,0,0,174,566,0
179,144,0,50,0,0,179,0,180,182,1,50,0,0,180,375,0
182,144,0,50,0,0,182,0,183,182,0,50,0,0,183,76,0
187,144,0,50,0,0,187,0,188,182,0,50,0,0,188,0,0
187,144,0,50,0,0,187,0,186,182,0,50,0,0,186,0,0
183,144,0,50,0,0,183,0,182,182,0,50,0,0,182,0,0
184,144,0,50,0,0,184,0,182,182,0,50,0,0,182,0,0
183,144,0,50,0,0,183,0,180,182,0,50,0,0,180,51,0
180,144,0,50,0,0,180,0,178,182,0,50,0,0,178,176,0
183,144,0,50,0,0,183,0,180,182,0,50,0,0,180,64,0
184,144,0,50,0,0,184,0,182,182,0,50,0,0,182,0,0
183,144,0,50,0,0,183,0,181,182,0,50,0,0,181,5,0
183,144,0,50,0,0,183,0,181,182,0,50,0,0,181,23,0
183,144,0,50,0,0,183,0,181,182,0,50,0,0,181,41,0
182,144,0,50,0,0,182,0,180,182,0,50,0,0,180,57,0
180,144,0,50,0,0,180,0,177,182,0,50,0,0,177,230,0
178,144,0,50,0,0,178,0,176,182,0,50,0,0,176,292,0
176,144,0,50,0,0,176,0,174,182,0,50,0,0,174,335,0
176,144,0,50,0,0,176,0,174,182,0,50,0,0,174,398,0
176,144,0,50,0,0,176,0,175,182,0,50,0,0,175,367,0
176,144,0,50,0,0,176,0,174,182,0,50,0,0,174,366,0
179,144,0,50,0,0,179,0,178,182,0,50,0,0,178,278,0
181,144,0,50,0,0,181,0,180,182,0,50,0,0,180,58,0
183,144,0,50,0,0,183,0,182,182,0,50,0,0,182,0,0
188,144,0,50,0,0,188,0,189,182,0,50,0,0,189,0,0
188,144,0,50,0,0,188,0,187,182,0,50,0,0,187,0,0
184,144,0,50,0,0,184,0,182,182,0,50,0,0,182,0,0
184,144,0,50,0,0,184,0,182,182,0,50,0,0,182,0,0
186,144,0,50,0,0,186,0,184,182,0,50,0,0,184,0,0
187,144,0,50,0,0,187,0,185,182,0,50,0,0,185,0,0
186,144,0,50,0,0,186,0,184,182,0,50,0,0,184,0,0
183,144,0,50,0,0,183,0,182,182,0,50,0,0,182,0,0
180,144,0,50,0,0,180,0,178,182,0,50,0,0,178,158,0
179,144,0,50,0,0,179,0,176,182,0,50,0,0,176,258,0
172,144,0,50,0,0,172,0,169,182,0,50,0,0,169,612,0
171,144,0,50,0,0,171,0,168,182,0,50,0,0,168,660,0
170,144,0,50,0,0,170,0,168,182,0,50,0,0,168,655,0
172,144,0,50,0,0,172,0,170,182,0,50,0,0,170,587,0
176,144,0,50,0,0,176,0,174,182,0,50,0,0,174,392,0
179,144,0,50,0,0,179,0,176,182,0,50,0,0,176,258,0
183,144,0,50,0,0,183,0,181,182,0,50,0,0,181,50,0
187,144,0,50,0,0,187,0,184,182,0,50,0,0,184,0,0
189,144,0,50,0,0,189,0,188,182,0,50,0,0,188,0,0
188,144,0,50,0,0,188,0,187,182,0,50,0,0,187,0,0
189,144,0,50,0,0,189,0,188,182,0,50,0,0,188,0,0
189,144,0,50,0,0,189,0,187,182,0,50,0,0,187,0,0
191,144,0,50,0,0,191,0,188,182,0,50,0,0,188,0,0
191,144,0,50,0,0,191,0,189,182,0,50,0,0,189,0,0
187,144,0,50,0,0,187,0,184,182,0,50,0,0,184,0,0
186,144,0,50,0,0,186,0,182,182,0,50,0,0,182,0,0
182,144,0,50,0,0,182,0,177,182,0,50,0,0,177,148,0
182,144,0,50,0,0,182,0,177,182,0,50,0,0,177,225,0
179,144,0,50,0,0,179,0,175,182,0,50,0,0,175,333,0
178,144,0,50,0,0,178,0,175,182,0,50,0,0,175,325,0
179,144,0,50,0,0,179,0,178,182,0,50,0,0,178,300,0
180,144,0,50,0,0,180,0,179,182,0,50,0,0,179,101,0
179,144,0,50,0,0,179,0,179,182,0,50,0,0,179,132,0
179,144,0,50,0,0,179,0,178,182,0,50,0,0,178,176,0
179,144,0,50,0,0,179,0,177,182,0,50,0,0,177,164,0
175,144,0,50,0,0,175,0,173,182,0,50,0,0,173,407,0
175,144,0,50,0,0,175,0,171,182,0,50,0,0,171,551,0
176,144,0,50,0,0,176,0,173,182,0,50,0,0,173,435,0
178,144,0,50,0,0,178,0,175,182,0,50,0,0,175,473,0
176,144,0,50,0,0,176,0,174,182,0,50,0,0,174,389,0
178,144,0,50,0,0,178,0,177,182,1,50,0,0,177,298,0
178,144,0,50,0,0,178,0,177,182,1,50,0,0,177,210,0
178,144,0,50,0,0,178,0,177,182,1,50,0,0,177,214,0
176,144,0,50,0,0,176,0,176,182,1,50,0,0,176,219,0
173,144,0,50,0,0,173,0,173,182,1,50,0,0,173,355,0
174,144,0,50,0,0,174,0,174,182,1,50,0,0,174,435,0
176,144,0,50,0,0,176,0,176,182,1,50,0,0,176,321,0
176,144,0,50,0,0,176,0,176,182,1,50,0,0,176,267,0
178,144,0,50,0,0,178,0,179,182,1,50,0,0,179,175,0
179,144,0,50,0,0,179,0,180,182,1,50,0,0,180,137,0
182,144,0,50,0,0,182,0,183,182,0,50,0,0,183,30,0
183,144,0,50,0,0,183,0,183,182,0,50,0,0,183,0,0
187,144,0,50,0,0,187,0,186,182,0,50,0,0,186,0,0
189,144,0,50,0,0,189,0,188,182,0,50,0,0,188,0,0
189,144,0,50,0,0,189,0,188,182,0,50,0,0,188,0,0
180,144,0,50,0,0,180,0,181,182,0,50,0,0,181,0,0
183,144,0,50,0,0,183,0,181,182,0,50,0,0,181,8,0
188,144,0,50,0,0,188,0,185,182,0,50,0,0,185,0,0
188,144,0,50,0,0,188,0,186,182,0,50,0,0,186,0,0
188,144,0,50,0,0,188,0,185,182,0,50,0,0,185,0,0
186,144,0,50,0,0,186,0,182,182,0,50,0,0,182,0,0
185,144,0,50,0,0,185,0,182,182,0,50,0,0,182,0,0
183,144,0,50,0,0,183,0,181,182,0,50,0,0,181,44,0
180,144,0,50,0,0,180,0,178,182,0,50,0,0,178,123,0
181,144,0,50,0,0,181,0,179,182,0,50,0,0,179,135,0
179,144,0,50,0,0,179,0,176,182,0,50,0,0,176,167,0
176,144,0,50,0,0,176,0,174,182,1,50,0,0,174,383,0
170,144,0,50,0,0,170,0,168,182,1,50,0,0,168,555,0
171,144,0,50,0,0,171,0,170,182,1,50,0,0,170,667,0
171,144,0,50,0,0,171,0,170,182,1,50,0,0,170,637,0
171,144,0,50,0,0,171,0,171,182,1,50,0,0,171,585,0
172,144,0,50,0,0,172,0,172,182,1,50,0,0,172,500,0
173,144,0,50,0,0,173,0,172,182,1,50,0,0,172,492,0
176,144,0,50,0,0,176,0,174,182,1,50,0,0,174,439,0
179,144,0,50,0,0,179,0,178,182,1,50,0,0,178,351,0
185,144,0,50,0,0,185,0,185,182,0,50,0,0,185,0,0
186,144,0,50,0,0,186,0,186,182,0,50,0,0,186,0,0
188,144,0,50,0,0,188,0,187,182,0,50,0,0,187,0,0
190,144,0,50,0,0,190,0,190,182,0,50,0,0,190,0,0
196,144,0,50,0,0,196,0,196,182,0,50,0,0,196,0,0
196,144,0,50,0,0,196,0,196,182,0,50,0,0,196,0,0
198,144,0,50,0,0,198,0,198,182,0,50,0,0,198,0,0
199,144,0,50,0,0,199,0,199,182,0,50,0,0,199,0,0
195,144,0,50,0,0,195,0,195,182,0,50,0,0,195,0,0
194,144,0,50,0,0,194,0,193,182,0,50,0,0,193,0,0
191,144,0,50,0,0,191,0,189,182,0,50,0,0,189,0,0
189,144,0,50,0,0,189,0,187,182,0,50,0,0,187,0,0
188,144,0,50,0,0,188,0,186,182,0,50,0,0,186,0,0
188,144,0,50,0,0,188,0,186,182,0,50,0,0,186,0,0
185,144,0,50,0,0,185,0,183,182,0,50,0,0,183,0,0
184,144,0,50,0,0,184,0,181,182,0,50,0,0,181,0,0
183,144,0,50,0,0,183,0,180,182,0,50,0,0,180,25,0
184,144,0,50,0,0,184,0,181,182,0,50,0,0,181,60,0
185,144,0,50,0,0,185,0,183,182,0,50,0,0,183,35,0
185,144,0,50,0,0,185,0,184,182,0,50,0,0,184,0,0
184,144,0,50,0,0,184,0,182,182,0,50,0,0,182,0,0
182,144,0,50,0,0,182,0,181,182,0,50,0,0,181,0,0
179,144,0,50,0,0,179,0,178,182,0,50,0,0,178,42,0
177,144,0,50,0,0,177,0,175,182,0,50,0,0,175,183,0
172,144,0,50,0,0,172,0,170,182,0,50,0,0,170,314,0
172,144,0,50,0,0,172,0,169,182,0,50,0,0,169,589,0
170,144,0,50,0,0,170,0,168,182,1,50,0,0,168,623,0
167,144,0,50,0,0,167,0,164,182,1,50,0,0,164,685,0
167,144,0,50,0,0,167,0,165,182,1,50,0,0,165,862,0
168,144,0,50,0,0,168,0,168,182,1,50,0,0,168,805,0
169,144,0,50,0,0,169,0,170,182,1,50,0,0,170,694,0
171,144,0,50,0,0,171,0,172,182,0,50,0,0,172,582,0
177,144,0,50,0,0,177,0,177,182,0,50,0,0,177,466,0
180,144,0,50,0,0,180,0,180,182,0,50,0,0,180,219,0
184,144,0,50,0,0,184,0,184,182,0,50,0,0,184,73,0
186,144,0,50,0,0,186,0,185,182,0,50,0,0,185,0,0
186,144,0,50,0,0,186,0,185,182,0,50,0,0,185,0,0
187,144,0,50,0,0,187,0,186,182,0,50,0,0,186,0,0
188,144,0,50,0,0,188,0,186,182,0,50,0,0,186,0,0
190,144,0,50,0,0,190,0,188,182,0,50,0,0,188,0,0
190,144,0,50,0,0,190,0,188,182,0,50,0,0,188,0,0
189,144,0,50,0,0,189,0,188,182,0,50,0,0,188,0,0
185,144,0,50,0,0,185,0,183,182,0,50,0,0,183,0,0
179,144,0,50,0,0,179,0,177,182,0,50,0,0,177,0,0
179,144,0,50,0,0,179,0,177,182,0,50,0,0,177,246,0
181,144,0,50,0,0,181,0,180,182,0,50,0,0,180,216,0
182,144,0,50,0,0,182,0,181,182,0,50,0,0,181,69,0
181,144,0,50,0,0,181,0,180,182,0,50,0,0,180,35,0
181,144,0,50,0,0,181,0,180,182,0,50,0,0,180,76,0
181,144,0,50,0,0,181,0,180,182,0,50,0,0,180,76,0
181,144,0,50,0,0,181,0,180,182,0,50,0,0,180,94,0
182,144,0,50,0,0,182,0,181,182,0,50,0,0,181,82,0
181,144,0,50,0,0,181,0,180,182,0,50,0,0,180,50,0
181,144,0,50,0,0,181,0,179,182,0,50,0,0,179,98,0
180,144,0,50,0,0,180,0,178,182,0,50,0,0,178,148,0
181,144,0,50,0,0,181,0,179,182,0,50,0,0,179,180,0
182,144,0,50,0,0,182,0,180,182,0,50,0,0,180,142,0
180,144,0,50,0,0,180,0,178,182,0,50,0,0,178,82,0
180,144,0,50,0,0,180,0,178,182,0,50,0,0,178,180,0
179,144,0,50,0,0,179,0,176,182,0,50,0,0,176,194,0
179,144,0,50,0,0,179,0,175,182,0,50,0,0,175,303,0
182,144,0,50,0,0,182,0,179,182,0,50,0,0,179,126,0
184,144,0,50,0,0,184,0,181,182,0,50,0,0,181,33,0
182,144,0,50,0,0,182,0,179,182,0,50,0,0,179,126,0
182,144,0,50,0,0,182,0,179,182,0,50,0,0,179,137,0
183,144,0,50,0,0,183,0,179,182,0,50,0,0,179,126,0
181,144,0,50,0,0,181,0,177,182,0,50,0,0,177,228,0
181,144,0,50,0,0,181,0,176,182,1,50,0,0,176,296,0
183,144,0,50,0,0,183,0,179,182,1,50,0,0,179,142,0
185,144,0,50,0,0,185,0,181,182,1,50,0,0,181,30,0
184,144,0,50,0,0,184,0,181,182,1,50,0,0,181,42,0
183,144,0,50,0,0,183,0,179,182,1,50,0,0,179,92,0
180,144,0,50,0,0,180,0,177,182,1,50,0,0,177,221,0
177,144,0,50,0,0,177,0,174,182,1,50,0,0,174,267,0
176,144,0,50,0,0,176,0,170,182,1,50,0,0,170,596,0
173,144,0,50,0,0,173,0,170,182,1,50,0,0,170,537,0
171,144,0,50,0,0,171,0,168,182,1,50,0,0,168,657,0
170,144,0,50,0,0,170,0,168,182,1,50,0,0,168,678,0
175,144,0,50,0,0,175,0,175,182,1,50,0,0,175,332,0
179,144,0,50,0,0,179,0,179,182,1,50,0,0,179,133,0
183,144,0,50,0,0,183,0,183,182,0,50,0,0,183,0,0
184,144,0,50,0,0,184,0,185,182,0,50,0,0,185,0,0
186,144,0,50,0,0,186,0,185,182,0,50,0,0,185,0,0
186,144,0,50,0,0,186,0,186,182,0,50,0,0,186,0,0
185,144,0,50,0,0,185,0,183,182,0,50,0,0,183,0,0
187,144,0,50,0,0,187,0,185,182,0,50,0,0,185,0,0
188,144,0,50,0,0,188,0,187,182,0,50,0,0,187,0,0
188,144,0,50,0,0,188,0,186,182,0,50,0,0,186,0,0
185,144,0,50,0,0,185,0,183,182,0,50,0,0,183,0,0
184,144,0,50,0,0,184,0,182,182,0,50,0,0,182,0,0
185,144,0,50,0,0,185,0,183,182,0,50,0,0,183,0,0
184,144,0,50,0,0,184,0,183,182,0,50,0,0,183,0,0
183,144,0,50,0,0,183,0,181,182,0,50,0,0,181,48,0
180,144,0,50,0,0,180,0,179,182,0,50,0,0,179,150,0
173,144,0,50,0,0,173,0,171,182,1,50,0,0,171,294,0
170,144,0,50,0,0,170,0,168,182,1,50,0,0,168,683,0
166,144,0,50,0,0,166,0,165,182,1,50,0,0,165,737,0
166,144,0,50,0,0,166,0,166,182,1,50,0,0,166,780,0
170,144,0,50,0,0,170,0,170,182,1,50,0,0,170,680,0
173,144,0,50,0,0,173,0,172,182,1,50,0,0,172,467,0
178,144,0,50,0,0,178,0,178,182,1,50,0,0,178,385,0
182,144,0,50,0,0,182,0,182,182,0,50,0,0,182,0,0
186,144,0,50,0,0,186,0,185,182,0,50,0,0,185,0,0
185,144,0,50,0,0,185,0,183,182,0,50,0,0,183,0,0
185,144,0,50,0,0,185,0,182,182,0,50,0,0,182,0,0
183,144,0,50,0,0,183,0,180,182,0,50,0,0,180,76,0
181,144,0,50,0,0,181,0,179,182,0,50,0,0,179,96,0
180,144,0,50,0,0,180,0,177,182,0,50,0,0,177,217,0
180,144,0,50,0,0,180,0,178,182,0,50,0,0,178,262,0
180,144,0,50,0,0,180,0,178,182,0,50,0,0,178,167,0
186,144,0,50,0,0,186,0,185,182,0,50,0,0,185,41,0
190,144,0,50,0,0,190,0,189,182,0,50,0,0,189,0,0
196,144,0,50,0,0,196,0,195,182,0,50,0,0,195,0,0
196,144,0,50,0,0,196,0,197,182,0,50,0,0,197,0,0
187,144,0,50,0,0,187,0,188,182,0,50,0,0,188,0,0
187,144,0,50,0,0,187,0,187,182,0,50,0,0,187,0,0
183,144,0,50,0,0,183,0,183,182,0,50,0,0,183,0,0
178,144,0,50,0,0,178,0,177,182,0,50,0,0,177,0,0
174,144,0,50,0,0,174,0,173,182,0,50,0,0,173,394,0
174,144,0,50,0,0,174,0,173,182,0,50,0,0,173,417,0
172,144,0,50,0,0,172,0,171,182,0,50,0,0,171,450,0
172,144,0,50,0,0,172,0,172,182,0,50,0,0,172,508,0
172,144,0,50,0,0,172,0,172,182,0,50,0,0,172,521,0
173,144,0,50,0,0,173,0,173,182,0,50,0,0,173,458,0
174,144,0,50,0,0,174,0,174,182,0,50,0,0,174,357,0
178,144,0,50,0,0,178,0,178,182,0,50,0,0,178,251,0
180,144,0,50,0,0,180,0,180,182,0,50,0,0,180,83,0
187,144,0,50,0,0,187,0,187,182,0,50,0,0,187,0,0
187,144,0,50,0,0,187,0,186,182,0,50,0,0,186,0,0
186,144,0,50,0,0,186,0,183,182,0,50,0,0,183,0,0
186,144,0,50,0,0,186,0,184,182,0,50,0,0,184,0,0
183,144,0,50,0,0,183,0,180,182,0,50,0,0,180,0,0
181,144,0,50,0,0,181,0,178,182,0,50,0,0,178,180,0
178,144,0,50,0,0,178,0,175,182,0,50,0,0,175,267,0
178,144,0,50,0,0,178,0,174,182,0,50,0,0,174,362,0
177,144,0,50,0,0,177,0,174,182,0,50,0,0,174,353,0
176,144,0,50,0,0,176,0,174,182,0,50,0,0,174,371,0
176,144,0,50,0,0,176,0,175,182,0,50,0,0,175,341,0
176,144,0,50,0,0,176,0,176,182,0,50,0,0,176,294,0
177,144,0,50,0,0,177,0,177,182,0,50,0,0,177,214,0
177,144,0,50,0,0,177,0,177,182,0,50,0,0,177,226,0
180,144,0,50,0,0,180,0,180,182,0,50,0,0,180,98,0
180,144,0,50,0,0,180,0,180,182,0,50,0,0,180,57,0
181,144,0,50,0,0,181,0,180,182,0,50,0,0,180,73,0
181,144,0,50,0,0,181,0,181,182,0,50,0,0,181,51,0
188,144,0,50,0,0,188,0,188,182,0,50,0,0,188,0,0
190,144,0,50,0,0,190,0,191,182,0,50,0,0,191,0,0
190,144,0,50,0,0,190,0,189,182,0,50,0,0,189,0,0
190,144,0,50,0,0,190,0,188,182,0,50,0,0,188,0,0
187,144,0,50,0,0,187,0,185,182,0,50,0,0,185,0,0
186,144,0,50,0,0,186,0,184,182,0,50,0,0,184,0,0
180,144,0,50,0,0,180,0,178,182,0,50,0,0,178,0,0
179,144,0,50,0,0,179,0,176,182,0,50,0,0,176,153,0
173,144,0,50,0,0,173,0,171,182,0,50,0,0,171,366,0
173,144,0,50,0,0,173,0,170,182,0,50,0,0,170,525,0
174,144,0,50,0,0,174,0,172,182,0,50,0,0,172,480,0
172,144,0,50,0,0,172,0,171,182,0,50,0,0,171,482,0
174,144,0,50,0,0,174,0,173,182,0,50,0,0,173,489,0
177,144,0,50,0,0,177,0,177,182,0,50,0,0,177,425,0
180,144,0,50,0,0,180,0,179,182,0,50,0,0,179,144,0
179,144,0,50,0,0,179,0,179,182,0,50,0,0,179,117,0
184,144,0,50,0,0,184,0,181,182,0,50,0,0,181,116,0
186,144,0,50,0,0,186,0,183,182,0,50,0,0,183,28,0
188,144,0,50,0,0,188,0,186,182,0,50,0,0,186,0,0
185,144,0,50,0,0,185,0,183,182,0,50,0,0,183,0,0
180,144,0,50,0,0,180,0,178,182,0,50,0,0,178,0,0
177,144,0,50,0,0,177,0,176,182,0,50,0,0,176,196,0
174,144,0,50,0,0,174,0,172,182,0,50,0,0,172,287,0
174,144,0,50,0,0,174,0,173,182,1,50,0,0,173,462,0
174,144,0,50,0,0,174,0,173,182,1,50,0,0,173,450,0
174,144,0,50,0,0,174,0,174,182,1,50,0,0,174,412,0
178,144,0,50,0,0,178,0,178,182,1,50,0,0,178,398,0
179,144,0,50,0,0,179,0,178,182,1,50,0,0,178,175,0
183,144,0,50,0,0,179,0,183,182,1,50,0,0,179,166,0
184,144,0,50,0,0,184,0,184,182,0,50,0,0,184,0,0
184,144,0,50,0,0,184,0,182,182,0,50,0,0,182,0,0
186,144,0,50,0,0,186,0,185,182,0,50,0,0,185,0,0
186,144,0,50,0,0,186,0,184,182,0,50,0,0,184,0,0
186,144,0,50,0,0,186,0,183,182,0,50,0,0,183,0,0
184,144,0,50,0,0,184,0,182,182,0,50,0,0,182,0,0
179,144,0,50,0,0,179,0,176,182,0,50,0,0,176,94,0
177,144,0,50,0,0,177,0,175,182,1,50,0,0,175,253,0
175,144,0,50,0,0,175,0,173,182,1,50,0,0,173,330,0
173,144,0,50,0,0,173,0,171,182,1,50,0,0,171,414,0
175,144,0,50,0,0,175,0,174,182,1,50,0,0,174,489,0
177,144,0,50,0,0,177,0,177,182,1,50,0,0,177,371,0
176,144,0,50,0,0,176,0,176,182,1,50,0,0,176,230,0
177,144,0,50,0,0,177,0,177,182,1,50,0,0,177,287,0
183,144,0,50,0,0,183,0,184,182,0,50,0,0,184,32,0
184,144,0,50,0,0,184,0,185,182,0,50,0,0,185,0,0
180,144,0,50,0,0,180,0,181,182,0,50,0,0,181,0,0
181,144,0,50,0,0,181,0,181,182,0,50,0,0,181,19,0
179,144,0,50,0,0,179,0,178,182,0,50,0,0,178,30,0
178,144,0,50,0,0,178,0,177,182,0,50,0,0,177,194,0
179,144,0,50,0,0,179,0,178,182,0,50,0,0,178,230,0
177,144,0,50,0,0,177,0,175,182,0,50,0,0,175,180,0
176,144,0,50,0,0,176,0,175,182,1,50,0,0,175,301,0
177,144,0,50,0,0,177,0,176,182,1,50,0,0,176,332,0
180,144,0,50,0,0,180,0,180,182,0,50,0,0,180,260,0
182,144,0,50,0,0,182,0,182,182,0,50,0,0,182,94,0
183,144,0,50,0,0,183,0,182,182,0,50,0,0,182,0,0
185,144,0,50,0,0,185,0,184,182,0,50,0,0,184,0,0
186,144,0,50,0,0,186,0,185,182,0,50,0,0,185,0,0
187,144,0,50,0,0,187,0,186,182,0,50,0,0,186,0,0
185,144,0,50,0,0,185,0,183,182,0,50,0,0,183,0,0
183,144,0,50,0,0,183,0,181,182,0,50,0,0,181,37,0
181,144,0,50,0,0,181,0,179,182,0,50,0,0,179,114,0
179,144,0,50,0,0,179,0,178,182,0,50,0,0,178,194,0
175,144,0,50,0,0,175,0,173,182,1,50,0,0,173,435,0
172,144,0,50,0,0,172,0,170,182,1,50,0,0,170,562,0
170,144,0,50,0,0,170,0,170,182,1,50,0,0,170,571,0
171,144,0,50,0,0,171,0,171,182,1,50,0,0,171,535,0
174,144,0,50,0,0,174,0,174,182,0,50,0,0,174,392,0
173,144,0,50,0,0,173,0,173,182,0,50,0,0,173,433,0
178,144,0,50,0,0,178,0,177,182,0,50,0,0,177,392,0
179,144,0,50,0,0,179,0,178,182,0,50,0,0,178,185,0
177,144,0,50,0,0,177,0,175,182,0,50,0,0,175,260,0
177,144,0,50,0,0,177,0,175,182,0,50,0,0,175,312,0
178,144,0,50,0,0,178,0,178,182,0,50,0,0,178,225,0
179,144,0,50,0,0,179,0,178,182,0,50,0,0,178,157,0
180,144,0,50,0,0,180,0,179,182,0,50,0,0,179,178,0
182,144,0,50,0,0,182,0,181,182,0,50,0,0,181,48,0
185,144,0,50,0,0,185,0,185,182,0,50,0,0,185,0,0
184,144,0,50,0,0,184,0,184,182,0,50,0,0,184,0,0
186,144,0,50,0,0,186,0,186,182,0,50,0,0,186,0,0
182,144,0,50,0,0,182,0,182,182,0,50,0,0,182,0,0
176,144,0,50,0,0,176,0,175,182,0,50,0,0,175,216,0
174,144,0,50,0,0,174,0,174,182,0,50,0,0,174,382,0
173,144,0,50,0,0,173,0,173,182,0,50,0,0,173,441,0
172,144,0,50,0,0,172,0,172,182,0,50,0,0,172,500,0
173,144,0,50,0,0,173,0,173,182,0,50,0,0,173,435,0
174,144,0,50,0,0,174,0,174,182,0,50,0,0,174,387,0
174,144,0,50,0,0,174,0,173,182,0,50,0,0,173,419,0
175,144,0,50,0,0,175,0,175,182,0,50,0,0,175,341,0
178,144,0,50,0,0,178,0,178,182,0,50,0,0,178,173,0
185,144,0,50,0,0,185,0,186,182,0,50,0,0,186,0,0
187,144,0,50,0,0,187,0,188,182,0,50,0,0,188,0,0
190,144,0,50,0,0,190,0,190,182,0,50,0,0,190,0,0
190,144,0,50,0,0,190,0,189,182,0,50,0,0,189,0,0
190,144,0,50,0,0,190,0,190,182,0,50,0,0,190,0,0
191,144,0,50,0,0,191,0,190,182,0,50,0,0,190,0,0
189,144,0,50,0,0,189,0,187,182,0,50,0,0,187,0,0
188,144,0,50,0,0,188,0,186,182,0,50,0,0,186,0,0
189,144,0,50,0,0,189,0,185,182,0,50,0,0,185,0,0
189,144,0,50,0,0,189,0,185,182,0,50,0,0,185,0,0
188,144,0,50,0,0,188,0,185,182,0,50,0,0,185,0,0
189,144,0,50,0,0,189,0,185,182,0,50,0,0,185,0,0
187,144,0,50,0,0,187,0,183,182,0,50,0,0,183,0,0
184,144,0,50,0,0,184,0,181,182,0,50,0,0,181,33,0
180,144,0,50,0,0,180,0,178,182,0,50,0,0,178,116,0
179,144,0,50,0,0,179,0,177,182,0,50,0,0,177,216,0
180,144,0,50,0,0,180,0,178,182,0,50,0,0,178,280,0
179,144,0,50,0,0,179,0,177,182,0,50,0,0,177,248,0
173,144,0,50,0,0,173,0,171,182,0,50,0,0,171,410,0
171,144,0,50,0,0,171,0,169,182,0,50,0,0,169,608,0
172,144,0,50,0,0,172,0,172,182,0,50,0,0,172,591,0
174,144,0,50,0,0,174,0,174,182,0,50,0,0,174,380,0
176,144,0,50,0,0,176,0,175,182,0,50,0,0,175,305,0
175,144,0,50,0,0,175,0,175,182,0,50,0,0,175,332,0
180,144,0,50,0,0,180,0,179,182,0,50,0,0,179,278,0
184,144,0,50,0,0,184,0,183,182,0,50,0,0,183,0,0
188,144,0,50,0,0,188,0,187,182,0,50,0,0,187,0,0
191,144,0,50,0,0,191,0,190,182,0,50,0,0,190,0,0
190,144,0,50,0,0,190,0,185,182,0,50,0,0,185,0,0
190,144,0,50,0,0,190,0,185,182,0,50,0,0,185,0,0
193,144,0,50,0,0,193,0,190,182,0,50,0,0,190,0,0
194,144,0,50,0,0,194,0,192,182,0,50,0,0,192,0,0
188,144,0,50,0,0,188,0,185,182,0,50,0,0,185,0,0
185,144,0,50,0,0,185,0,181,182,0,50,0,0,181,0,0
179,144,0,50,0,0,179,0,176,182,1,50,0,0,176,151,0
176,144,0,50,0,0,176,0,173,182,1,50,0,0,173,282,0
175,144,0,50,0,0,175,0,173,182,1,50,0,0,173,428,0
176,144,0,50,0,0,176,0,174,182,1,50,0,0,174,408,0
179,144,0,50,0,0,179,0,178,182,1,50,0,0,178,257,0
180,144,0,50,0,0,180,0,179,182,1,50,0,0,179,175,0
182,144,0,50,0,0,182,0,181,182,0,50,0,0,181,33,0
181,144,0,50,0,0,181,0,180,182,0,50,0,0,180,41,0
180,144,0,50,0,0,180,0,180,182,0,50,0,0,180,67,0
180,144,0,50,0,0,180,0,180,182,0,50,0,0,180,92,0
177,144,0,50,0,0,177,0,177,182,1,50,0,0,177,208,0
175,144,0,50,0,0,175,0,174,182,1,50,0,0,174,250,0
168,144,0,50,0,0,168,0,167,182,1,50,0,0,167,541,0
167,144,0,50,0,0,167,0,166,182,1,50,0,0,166,710,0
172,144,0,50,0,0,172,0,172,182,1,50,0,0,172,714,0
176,144,0,50,0,0,176,0,175,182,1,50,0,0,175,491,0
178,144,0,50,0,0,178,0,178,182,1,50,0,0,178,194,0
185,144,0,50,0,0,185,0,185,182,1,50,0,0,185,260,0
186,144,0,50,0,0,186,0,187,182,0,50,0,0,187,0,0
187,144,0,50,0,0,187,0,186,182,0,50,0,0,186,0,0
185,144,0,50,0,0,185,0,184,182,0,50,0,0,184,0,0
185,144,0,50,0,0,185,0,181,182,0,50,0,0,181,0,0
184,144,0,50,0,0,184,0,180,182,0,50,0,0,180,58,0
185,144,0,50,0,0,185,0,182,182,0,50,0,0,182,125,0
183,144,0,50,0,0,183,0,181,182,0,50,0,0,181,0,0
181,144,0,50,0,0,181,0,179,182,0,50,0,0,179,100,0
182,144,0,50,0,0,182,0,180,182,0,50,0,0,180,126,0
180,144,0,50,0,0,180,0,178,182,0,50,0,0,178,105,0
180,144,0,50,0,0,180,0,178,182,0,50,0,0,178,164,0
184,144,0,50,0,0,184,0,183,182,0,50,0,0,183,25,0
184,144,0,50,0,0,184,0,184,182,0,50,0,0,184,0,0
184,144,0,50,0,0,184,0,184,182,0,50,0,0,184,0,0
183,144,0,50,0,0,183,0,183,182,0,50,0,0,183,0,0
181,144,0,50,0,0,181,0,181,182,0,50,0,0,181,0,0
179,144,0,50,0,0,179,0,179,182,0,50,0,0,179,16,0
174,144,0,50,0,0,174,0,172,182,0,50,0,0,172,271,0
172,144,0,50,0,0,172,0,170,182,1,50,0,0,170,467,0
172,144,0,50,0,0,172,0,171,182,1,50,0,0,171,542,0
173,144,0,50,0,0,173,0,172,182,1,50,0,0,172,542,0
173,144,0,50,0,0,173,0,173,182,1,50,0,0,173,453,0
174,144,0,50,0,0,174,0,174,182,1,50,0,0,174,419,0
176,144,0,50,0,0,176,0,176,182,0,50,0,0,176,292,0
177,144,0,50,0,0,177,0,177,182,0,50,0,0,177,267,0
181,144,0,50,0,0,181,0,180,182,0,50,0,0,180,110,0
181,144,0,50,0,0,181,0,180,182,0,50,0,0,180,53,0
179,144,0,50,0,0,179,0,177,182,0,50,0,0,177,42,0
182,144,0,50,0,0,182,0,179,182,0,50,0,0,179,230,0
186,144,0,50,0,0,186,0,185,182,0,50,0,0,185,82,0
187,144,0,50,0,0,187,0,186,182,0,50,0,0,186,0,0
186,144,0,50,0,0,186,0,185,182,0,50,0,0,185,0,0
186,144,0,50,0,0,186,0,184,182,0,50,0,0,184,0,0
187,144,0,50,0,0,187,0,186,182,0,50,0,0,186,0,0
189,144,0,50,0,0,189,0,187,182,0,50,0,0,187,0,0
189,144,0,50,0,0,189,0,189,182,0,50,0,0,189,0,0
186,144,0,50,0,0,186,0,185,182,0,50,0,0,185,0,0
181,144,0,50,0,0,181,0,179,182,0,50,0,0,179,0,0
180,144,0,50,0,0,180,0,176,182,0,50,0,0,176,132,0
177,144,0,50,0,0,177,0,174,182,0,50,0,0,174,251,0
174,144,0,50,0,0,174,0,172,182,0,50,0,0,172,378,0
173,144,0,50,0,0,173,0,171,182,0,50,0,0,171,498,0
175,144,0,50,0,0,175,0,173,182,0,50,0,0,173,542,0
176,144,0,50,0,0,176,0,174,182,0,50,0,0,174,416,0
175,144,0,50,0,0,175,0,173,182,0,50,0,0,173,358,0
176,144,0,50,0,0,176,0,174,182,0,50,0,0,174,430,0
178,144,0,50,0,0,178,0,176,182,0,50,0,0,176,244,0
177,144,0,50,0,0,177,0,175,182,0,50,0,0,175,283,0
176,144,0,50,0,0,176,0,175,182,0,50,0,0,175,344,0
175,144,0,50,0,0,175,0,175,182,0,50,0,0,175,307,0
175,144,0,50,0,0,175,0,175,182,0,50,0,0,175,303,0
174,144,0,50,0,0,174,0,174,182,0,50,0,0,174,307,0
177,144,0,50,0,0,177,0,177,182,0,50,0,0,177,282,0
176,144,0,50,0,0,176,0,176,182,0,50,0,0,176,208,0
177,144,0,50,0,0,177,0,178,182,0,50,0,0,178,257,0
179,144,0,50,0,0,179,0,180,182,0,50,0,0,180,196,0
188,144,0,50,0,0,188,0,188,182,0,50,0,0,188,75,0
191,144,0,50,0,0,191,0,191,182,0,50,0,0,191,0,0
195,144,0,50,0,0,195,0,194,182,0,50,0,0,194,0,0
196,144,0,50,0,0,196,0,194,182,0,50,0,0,194,0,0
197,144,0,50,0,0,197,0,195,182,0,50,0,0,195,0,0
197,144,0,50,0,0,197,0,195,182,0,50,0,0,195,0,0
192,144,0,50,0,0,192,0,189,182,0,50,0,0,189,0,0
189,144,0,50,0,0,189,0,186,182,0,50,0,0,186,0,0
185,144,0,50,0,0,185,0,183,182,0,50,0,0,183,0,0
181,144,0,50,0,0,181,0,179,182,0,50,0,0,179,0,0
178,144,0,50,0,0,178,0,176,182,0,50,0,0,176,144,0
178,144,0,50,0,0,178,0,176,182,0,50,0,0,176,298,0
178,144,0,50,0,0,178,0,177,182,0,50,0,0,177,294,0
178,144,0,50,0,0,178,0,176,182,0,50,0,0,176,221,0
173,144,0,50,0,0,173,0,173,182,0,50,0,0,173,269,0
171,144,0,50,0,0,171,0,171,182,0,50,0,0,171,437,0
172,144,0,50,0,0,172,0,172,182,0,50,0,0,172,500,0
174,144,0,50,0,0,174,0,174,182,0,50,0,0,174,380,0
174,144,0,50,0,0,174,0,173,182,0,50,0,0,173,401,0
172,144,0,50,0,0,172,0,172,182,0,50,0,0,172,489,0
171,144,0,50,0,0,171,0,172,182,0,50,0,0,172,482,0
174,144,0,50,0,0,174,0,175,182,0,50,0,0,175,341,0
182,144,0,50,0,0,182,0,183,182,0,50,0,0,183,0,0
184,144,0,50,0,0,184,0,185,182,0,50,0,0,185,0,0
182,144,0,50,0,0,182,0,182,182,0,50,0,0,182,0,0
182,144,0,50,0,0,182,0,181,182,1,50,0,0,181,33,0
182,144,0,50,0,0,182,0,181,182,0,50,0,0,181,19,0
182,144,0,50,0,0,182,0,181,182,0,50,0,0,181,17,0
186,144,0,50,0,0,186,0,185,182,0,50,0,0,185,0,0
188,144,0,50,0,0,188,0,186,182,0,50,0,0,186,0,0
185,144,0,50,0,0,185,0,183,182,0,50,0,0,183,0,0
185,144,0,50,0,0,185,0,183,182,0,50,0,0,183,0,0
181,144,0,50,0,0,181,0,179,182,0,50,0,0,179,50,0
177,144,0,50,0,0,177,0,175,182,1,50,0,0,175,314,0
174,144,0,50,0,0,174,0,172,182,1,50,0,0,172,439,0
174,144,0,50,0,0,174,0,172,182,1,50,0,0,172,457,0
175,144,0,50,0,0,175,0,174,182,1,50,0,0,174,412,0
176,144,0,50,0,0,176,0,175,182,1,50,0,0,175,310,0
175,144,0,50,0,0,175,0,175,182,1,50,0,0,175,314,0
177,144,0,50,0,0,177,0,178,182,1,50,0,0,178,185,0
183,144,0,50,0,0,183,0,183,182,0,50,0,0,183,8,0
184,144,0,50,0,0,184,0,185,182,0,50,0,0,185,0,0
185,144,0,50,0,0,185,0,185,182,0,50,0,0,185,0,0
185,144,0,50,0,0,185,0,184,182,0,50,0,0,185,0,0
185,144,0,50,0,0,185,0,184,182,0,50,0,0,185,0,0
187,144,0,50,0,0,185,0,185,182,0,50,0,0,185,0,0
185,144,0,50,0,0,185,0,183,182,0,50,0,0,185,0,0
182,144,0,50,0,0,182,0,179,182,0,50,0,0,179,7,0
181,144,0,50,0,0,181,0,179,182,0,50,0,0,179,148,0
187,144,0,50,0,0,187,0,185,182,0,50,0,0,185,1,0
189,144,0,50,0,0,189,0,187,182,0,50,0,0,187,0,0
189,144,0,50,0,0,189,0,188,182,0,50,0,0,188,0,0
186,144,0,50,0,0,186,0,184,182,0,50,0,0,184,0,0
176,144,0,50,0,0,176,0,173,182,0,50,0,0,173,173,0
175,144,0,50,0,0,175,0,172,182,1,50,0,0,172,482,0
167,144,0,50,0,0,167,0,166,182,1,50,0,0,166,639,0
167,144,0,50,0,0,167,0,166,182,1,50,0,0,166,800,0
171,144,0,50,0,0,171,0,171,182,1,50,0,0,171,587,0
170,144,0,50,0,0,170,0,170,182,1,50,0,0,170,566,0
175,144,0,50,0,0,175,0,176,182,1,50,0,0,176,473,0
179,144,0,50,0,0,179,0,179,182,0,50,0,0,179,103,0
188,144,0,50,0,0,188,0,190,182,0,50,0,0,190,0,0
191,144,0,50,0,0,191,0,191,182,0,50,0,0,191,0,0
192,144,0,50,0,0,192,0,190,182,0,50,0,0,190,0,0
192,144,0,50,0,0,192,0,191,182,0,50,0,0,191,0,0
189,144,0,50,0,0,189,0,187,182,0,50,0,0,187,0,0
188,144,0,50,0,0,188,0,187,182,0,50,0,0,187,0,0
189,144,0,50,0,0,189,0,186,182,0,50,0,0,186,0,0
190,144,0,50,0,0,190,0,188,182,0,50,0,0,188,0,0
188,144,0,50,0,0,188,0,186,182,0,50,0,0,186,0,0
187,144,0,50,0,0,187,0,186,182,0,50,0,0,186,0,0
180,144,0,50,0,0,180,0,177,182,0,50,0,0,177,0,0
177,144,0,50,0,0,177,0,175,182,0,50,0,0,175,332,0
176,144,0,50,0,0,176,0,172,182,1,50,0,0,172,803,0
179,144,0,50,0,0,179,0,177,182,0,50,0,0,177,487,0
180,144,0,50,0,0,180,0,180,182,0,50,0,0,180,158,0
181,144,0,50,0,0,181,0,181,182,0,50,0,0,181,98,0
185,144,0,50,0,0,185,0,184,182,0,50,0,0,184,0,0
187,144,0,50,0,0,187,0,186,182,0,50,0,0,186,0,0
185,144,0,50,0,0,185,0,184,182,0,50,0,0,184,117,0
180,144,0,50,0,0,180,0,178,182,0,50,0,0,178,0,0
181,144,0,50,0,0,181,0,170,182,0,50,0,0,170,305,0
178,144,0,50,0,0,178,0,170,182,0,50,0,0,170,551,0
177,144,0,50,0,0,177,0,168,182,1,50,0,0,168,803,0
178,144,0,50,0,0,178,0,167,182,1,50,0,0,167,687,0
181,144,0,50,0,0,181,0,169,182,1,50,0,0,169,741,0
181,144,0,50,0,0,181,0,169,182,0,50,0,0,169,621,0
187,144,0,50,0,0,187,0,177,182,0,50,0,0,177,512,0
190,144,0,50,0,0,190,0,182,182,0,50,0,0,182,226,0
195,144,0,50,0,0,195,0,183,182,0,50,0,0,183,17,0
197,144,0,50,0,0,197,0,187,182,0,50,0,0,187,0,0
198,144,0,50,0,0,198,0,188,182,0,50,0,0,188,0,0
197,144,0,50,0,0,197,0,186,182,0,50,0,0,186,0,0
195,144,0,50,0,0,195,0,183,182,0,50,0,0,183,0,0
189,144,0,50,0,0,189,0,176,182,0,50,0,0,176,189,0
188,144,0,50,0,0,188,0,176,182,0,50,0,0,176,283,0
187,144,0,50,0,0,187,0,174,182,0,50,0,0,174,364,0
189,144,0,50,0,0,189,0,176,182,0,50,0,0,176,262,0
188,144,0,50,0,0,188,0,176,182,0,50,0,0,176,246,0
189,144,0,50,0,0,189,0,177,182,0,50,0,0,177,282,0
190,144,0,50,0,0,190,0,179,182,0,50,0,0,179,185,0
191,144,0,50,0,0,191,0,180,182,0,50,0,0,180,130,0
194,144,0,50,0,0,194,0,182,182,0,50,0,0,182,0,0
196,144,0,50,0,0,196,0,183,182,0,50,0,0,183,0,0
192,144,0,50,0,0,192,0,178,182,0,50,0,0,178,0,0
192,144,0,50,0,0,192,0,178,182,0,50,0,0,178,173,0
191,144,0,50,0,0,191,0,177,182,0,50,0,0,177,192,0
192,144,0,50,0,0,192,0,179,182,0,50,0,0,179,212,0
193,144,0,50,0,0,193,0,180,182,0,50,0,0,180,150,0
192,144,0,50,0,0,192,0,178,182,0,50,0,0,178,91,0
187,144,0,50,0,0,187,0,174,182,0,50,0,0,174,296,0
185,144,0,50,0,0,185,0,173,182,0,50,0,0,173,357,0
183,144,0,50,0,0,183,0,171,182,0,50,0,0,171,457,0
183,144,0,50,0,0,183,0,171,182,0,50,0,0,171,501,0
185,144,0,50,0,0,185,0,173,182,0,50,0,0,173,498,0
189,144,0,50,0,0,189,0,177,182,0,50,0,0,177,405,0
190,144,0,50,0,0,190,0,180,182,0,50,0,0,180,178,0
193,144,0,50,0,0,193,0,182,182,0,50,0,0,182,83,0
197,144,0,50,0,0,197,0,186,182,0,50,0,0,186,0,0
197,144,0,50,0,0,197,0,185,182,0,50,0,0,185,0,0
192,144,0,50,0,0,192,0,178,182,0,50,0,0,178,0,0
191,144,0,50,0,0,191,0,176,182,1,50,0,0,176,160,0
190,144,0,50,0,0,190,0,174,182,1,50,0,0,174,298,0
189,144,0,50,0,0,189,0,174,182,1,50,0,0,174,364,0
187,144,0,50,0,0,187,0,173,182,1,50,0,0,173,364,0
188,144,0,50,0,0,188,0,176,182,1,50,0,0,176,430,0
192,144,0,50,0,0,192,0,180,182,1,50,0,0,180,300,0
192,144,0,50,0,0,192,0,180,182,0,50,0,0,180,55,0
191,144,0,50,0,0,191,0,180,182,0,50,0,0,180,66,0
190,144,0,50,0,0,190,0,179,182,1,50,0,0,179,89,0
191,144,0,50,0,0,191,0,179,182,1,50,0,0,179,125,0
191,144,0,50,0,0,191,0,180,182,1,50,0,0,180,117,0
193,144,0,50,0,0,193,0,183,182,0,50,0,0,183,92,0
194,144,0,50,0,0,194,0,183,182,0,50,0,0,183,0,0
190,144,0,50,0,0,190,0,178,182,0,50,0,0,178,0,0
189,144,0,50,0,0,189,0,177,182,1,50,0,0,177,158,0
190,144,0,50,0,0,190,0,179,182,1,50,0,0,179,239,0
192,144,0,50,0,0,192,0,181,182,0,50,0,0,181,141,0
192,144,0,50,0,0,192,0,182,182,0,50,0,0,182,23,0
190,144,0,50,0,0,190,0,180,182,0,50,0,0,180,0,0
186,144,0,50,0,0,186,0,175,182,0,50,0,0,175,78,0
184,144,0,50,0,0,184,0,173,182,1,50,0,0,173,316,0
181,144,0,50,0,0,181,0,169,182,1,50,0,0,169,428,0
180,144,0,50,0,0,180,0,167,182,1,50,0,0,167,641,0
182,144,0,50,0,0,182,0,169,182,1,50,0,0,169,701,0
187,144,0,50,0,0,187,0,174,182,1,50,0,0,174,507,0
187,144,0,50,0,0,187,0,174,182,1,50,0,0,174,396,0
187,144,0,50,0,0,187,0,175,182,1,50,0,0,175,391,0
186,144,0,50,0,0,186,0,175,182,1,50,0,0,175,317,0
189,144,0,50,0,0,189,0,179,182,1,50,0,0,179,330,0
194,144,0,50,0,0,194,0,181,182,0,50,0,0,181,130,0
196,144,0,50,0,0,196,0,185,182,0,50,0,0,185,3,0
199,144,0,50,0,0,199,0,187,182,0,50,0,0,187,0,0
199,144,0,50,0,0,199,0,186,182,0,50,0,0,186,0,0
199,144,0,50,0,0,199,0,187,182,0,50,0,0,187,0,0
200,144,0,50,0,0,200,0,185,182,0,50,0,0,185,0,0
198,144,0,50,0,0,198,0,183,182,0,50,0,0,183,0,0
194,144,0,50,0,0,194,0,177,182,0,50,0,0,177,0,0
195,144,0,50,0,0,195,0,178,182,0,50,0,0,178,242,0
196,144,0,50,0,0,196,0,182,182,0,50,0,0,182,180,0
194,144,0,50,0,0,194,0,182,182,0,50,0,0,182,0,0
191,144,0,50,0,0,191,0,180,182,0,50,0,0,180,0,0
190,144,0,50,0,0,190,0,178,182,0,50,0,0,178,69,0
186,144,0,50,0,0,186,0,175,182,0,50,0,0,175,158,0
188,144,0,50,0,0,188,0,178,182,0,50,0,0,178,341,0
187,144,0,50,0,0,187,0,177,182,0,50,0,0,177,178,0
186,144,0,50,0,0,186,0,177,182,0,50,0,0,177,223,0
181,144,0,50,0,0,181,0,171,182,0,50,0,0,171,244,0
180,144,0,50,0,0,180,0,169,182,1,50,0,0,169,548,0
178,144,0,50,0,0,178,0,167,182,1,50,0,0,167,603,0
178,144,0,50,0,0,178,0,168,182,1,50,0,0,168,719,0
179,144,0,50,0,0,179,0,168,182,1,50,0,0,168,698,0
181,144,0,50,0,0,181,0,170,182,1,50,0,0,170,675,0
188,144,0,50,0,0,188,0,176,182,1,50,0,0,176,564,0
193,144,0,50,0,0,193,0,179,182,0,50,0,0,179,278,0
198,144,0,50,0,0,198,0,185,182,0,50,0,0,185,141,0
196,144,0,50,0,0,196,0,185,182,0,50,0,0,185,0,0
196,144,0,50,0,0,196,0,185,182,0,50,0,0,185,0,0
200,144,0,50,0,0,200,0,188,182,0,50,0,0,188,0,0
195,144,0,50,0,0,195,0,182,182,0,50,0,0,182,0,0
192,144,0,50,0,0,192,0,178,182,0,50,0,0,178,151,0
194,144,0,50,0,0,194,0,180,182,0,50,0,0,180,87,0
191,144,0,50,0,0,191,0,179,182,0,50,0,0,179,123,0
195,144,0,50,0,0,195,0,181,182,0,50,0,0,181,28,0
198,144,0,50,0,0,198,0,183,182,0,50,0,0,183,0,0
194,144,0,50,0,0,194,0,181,182,0,50,0,0,181,48,0
192,144,0,50,0,0,192,0,177,182,0,50,0,0,177,228,0
186,144,0,50,0,0,186,0,176,182,0,50,0,0,176,275,0
186,144,0,50,0,0,186,0,174,182,0,50,0,0,174,387,0
183,144,0,50,0,0,183,0,170,182,0,50,0,0,170,589,0
182,144,0,50,0,0,182,0,170,182,0,50,0,0,170,553,0
188,144,0,50,0,0,188,0,176,182,0,50,0,0,176,375,0
193,144,0,50,0,0,193,0,182,182,0,50,0,0,182,0,0
195,144,0,50,0,0,195,0,181,182,0,50,0,0,181,0,0
195,144,0,50,0,0,195,0,187,182,0,50,0,0,187,0,0
202,144,0,50,0,0,202,0,193,182,0,50,0,0,193,0,0
202,144,0,50,0,0,202,0,193,182,0,50,0,0,193,0,0
200,144,0,50,0,0,200,0,190,182,0,50,0,0,190,0,0
199,144,0,50,0,0,199,0,188,182,0,50,0,0,188,0,0
196,144,0,50,0,0,196,0,185,182,0,50,0,0,185,0,0
194,144,0,50,0,0,194,0,182,182,0,50,0,0,182,0,0
189,144,0,50,0,0,189,0,176,182,0,50,0,0,176,142,0
189,144,0,50,0,0,189,0,175,182,0,50,0,0,175,317,0
189,144,0,50,0,0,189,0,177,182,0,50,0,0,177,235,0
190,144,0,50,0,0,190,0,177,182,0,50,0,0,177,223,0
187,144,0,50,0,0,187,0,175,182,0,50,0,0,175,214,0
185,144,0,50,0,0,185,0,172,182,0,50,0,0,172,458,0
184,144,0,50,0,0,184,0,172,182,0,50,0,0,172,469,0
185,144,0,50,0,0,185,0,173,182,0,50,0,0,173,430,0
190,144,0,50,0,0,190,0,177,182,0,50,0,0,177,203,0
196,144,0,50,0,0,196,0,182,182,0,50,0,0,182,0,0
197,144,0,50,0,0,197,0,183,182,0,50,0,0,183,0,0
196,144,0,50,0,0,196,0,181,182,0,50,0,0,181,44,0
196,144,0,50,0,0,196,0,179,182,0,50,0,0,179,108,0
194,144,0,50,0,0,194,0,178,182,0,50,0,0,178,189,0
196,144,0,50,0,0,196,0,179,182,0,50,0,0,179,112,0
195,144,0,50,0,0,195,0,180,182,0,50,0,0,180,96,0
193,144,0,50,0,0,193,0,178,182,0,50,0,0,178,164,0
188,144,0,50,0,0,188,0,174,182,1,50,0,0,174,255,0
184,144,0,50,0,0,184,0,171,182,1,50,0,0,171,546,0
184,144,0,50,0,0,184,0,171,182,1,50,0,0,171,603,0
184,144,0,50,0,0,184,0,171,182,1,50,0,0,171,512,0
185,144,0,50,0,0,185,0,173,182,1,50,0,0,173,444,0
182,144,0,50,0,0,182,0,171,182,1,50,0,0,171,516,0
188,144,0,50,0,0,188,0,177,182,1,50,0,0,177,369,0
187,144,0,50,0,0,187,0,177,182,1,50,0,0,177,230,0
191,144,0,50,0,0,191,0,178,182,1,50,0,0,178,282,0
192,144,0,50,0,0,192,0,179,182,1,50,0,0,179,132,0
200,144,0,50,0,0,200,0,186,182,0,50,0,0,186,35,0
204,144,0,50,0,0,204,0,191,182,0,50,0,0,191,0,0
200,144,0,50,0,0,200,0,187,182,0,50,0,0,187,0,0
199,144,0,50,0,0,199,0,186,182,0,50,0,0,186,0,0
195,144,0,50,0,0,195,0,181,182,0,50,0,0,181,0,0
195,144,0,50,0,0,195,0,181,182,0,50,0,0,181,1,0
197,144,0,50,0,0,197,0,183,182,0,50,0,0,183,0,0
197,144,0,50,0,0,197,0,183,182,0,50,0,0,183,0,0
199,144,0,50,0,0,199,0,185,182,0,50,0,0,185,0,0
199,144,0,50,0,0,199,0,187,182,0,50,0,0,187,0,0
196,144,0,50,0,0,196,0,183,182,0,50,0,0,183,0,0
195,144,0,50,0,0,195,0,183,182,0,50,0,0,183,0,0
194,144,0,50,0,0,194,0,181,182,0,50,0,0,181,0,0
192,144,0,50,0,0,192,0,179,182,0,50,0,0,179,116,0
187,144,0,50,0,0,187,0,175,182,1,50,0,0,175,298,0
186,144,0,50,0,0,186,0,174,182,1,50,0,0,174,391,0
186,144,0,50,0,0,186,0,175,182,1,50,0,0,175,369,0
187,144,0,50,0,0,187,0,176,182,1,50,0,0,176,350,0
190,144,0,50,0,0,190,0,181,182,0,50,0,0,181,178,0
191,144,0,50,0,0,191,0,182,182,0,50,0,0,182,25,0
196,144,0,50,0,0,196,0,184,182,0,50,0,0,184,0,0
196,144,0,50,0,0,196,0,184,182,0,50,0,0,184,0,0
192,144,0,50,0,0,192,0,179,182,0,50,0,0,179,0,0
188,144,0,50,0,0,188,0,175,182,0,50,0,0,175,137,0
181,144,0,50,0,0,181,0,169,182,1,50,0,0,169,485,0
180,144,0,50,0,0,180,0,168,182,1,50,0,0,168,642,0
183,144,0,50,0,0,183,0,169,182,1,50,0,0,169,628,0
185,144,0,50,0,0,185,0,171,182,1,50,0,0,171,619,0
186,144,0,50,0,0,186,0,174,182,1,50,0,0,174,407,0
186,144,0,50,0,0,186,0,174,182,0,50,0,0,174,373,0
188,144,0,50,0,0,188,0,177,182,0,50,0,0,177,323,0
187,144,0,50,0,0,187,0,175,182,0,50,0,0,175,248,0
189,144,0,50,0,0,189,0,178,182,0,50,0,0,178,264,0
189,144,0,50,0,0,189,0,177,182,0,50,0,0,177,173,0
191,144,0,50,0,0,191,0,180,182,0,50,0,0,180,223,0
193,144,0,50,0,0,193,0,183,182,0,50,0,0,183,100,0
195,144,0,50,0,0,195,0,186,182,0,50,0,0,186,0,0
197,144,0,50,0,0,197,0,188,182,0,50,0,0,188,0,0
199,144,0,50,0,0,199,0,192,182,0,50,0,0,192,0,0
204,144,0,50,0,0,204,0,194,182,0,50,0,0,194,0,0
205,144,0,50,0,0,205,0,195,182,0,50,0,0,195,0,0
203,144,0,50,0,0,203,0,192,182,0,50,0,0,192,0,0
202,144,0,50,0,0,202,0,192,182,0,50,0,0,192,0,0
201,144,0,50,0,0,201,0,192,182,0,50,0,0,192,0,0
198,144,0,50,0,0,198,0,188,182,0,50,0,0,188,0,0
193,144,0,50,0,0,193,0,182,182,0,50,0,0,182,0,0
191,144,0,50,0,0,191,0,179,182,0,50,0,0,179,0,0
191,144,0,50,0,0,191,0,181,182,0,50,0,0,181,69,0
191,144,0,50,0,0,191,0,181,182,0,50,0,0,181,39,0
188,144,0,50,0,0,188,0,178,182,0,50,0,0,178,46,0
187,144,0,50,0,0,187,0,176,182,0,50,0,0,176,192,0
189,144,0,50,0,0,189,0,178,182,0,50,0,0,178,275,0
191,144,0,50,0,0,191,0,180,182,0,50,0,0,180,182,0
193,144,0,50,0,0,193,0,182,182,0,50,0,0,182,12,0
195,144,0,50,0,0,195,0,183,182,0,50,0,0,183,0,0
195,144,0,50,0,0,195,0,182,182,0,50,0,0,182,0,0
194,144,0,50,0,0,194,0,181,182,0,50,0,0,181,0,0
188,144,0,50,0,0,188,0,178,182,0,50,0,0,178,114,0
186,144,0,50,0,0,186,0,176,182,0,50,0,0,176,194,0
182,144,0,50,0,0,182,0,170,182,0,50,0,0,170,423,0
180,144,0,50,0,0,180,0,168,182,0,50,0,0,168,564,0
175,144,0,50,0,0,175,0,161,182,1,50,0,0,161,846,0
174,144,0,50,0,0,174,0,161,182,1,50,0,0,161,1000,0
176,144,0,50,0,0,176,0,164,182,1,50,0,0,164,930,0
179,144,0,50,0,0,179,0,168,182,1,50,0,0,168,853,0
184,144,0,50,0,0,184,0,172,182,0,50,0,0,172,535,0
188,144,0,50,0,0,188,0,177,182,0,50,0,0,177,453,0
200,144,0,50,0,0,200,0,190,182,0,50,0,0,190,0,0
201,144,0,50,0,0,201,0,189,182,0,50,0,0,189,0,0
207,144,0,50,0,0,207,0,192,182,0,50,0,0,192,0,0
207,144,0,50,0,0,207,0,194,182,0,50,0,0,194,0,0
209,144,0,50,0,0,209,0,197,182,0,50,0,0,197,0,0
205,144,0,50,0,0,205,0,194,182,0,50,0,0,194,0,0
199,144,0,50,0,0,199,0,186,182,0,50,0,0,186,0,0
195,144,0,50,0,0,195,0,182,182,0,50,0,0,182,0,0
192,144,0,50,0,0,192,0,178,182,0,50,0,0,178,0,0
191,144,0,50,0,0,191,0,177,182,0,50,0,0,177,194,0
186,144,0,50,0,0,186,0,172,182,0,50,0,0,172,246,0
185,144,0,50,0,0,185,0,172,182,0,50,0,0,172,469,0
191,144,0,50,0,0,191,0,178,182,0,50,0,0,178,500,0
194,144,0,50,0,0,194,0,181,182,0,50,0,0,181,183,0
199,144,0,50,0,0,199,0,186,182,0,50,0,0,186,33,0
198,144,0,50,0,0,198,0,186,182,0,50,0,0,186,0,0
197,144,0,50,0,0,197,0,186,182,0,50,0,0,186,0,0
195,144,0,50,0,0,195,0,184,182,0,50,0,0,184,0,0
195,144,0,50,0,0,195,0,184,182,0,50,0,0,184,0,0
195,144,0,50,0,0,195,0,185,182,0,50,0,0,185,0,0
194,144,0,50,0,0,194,0,184,182,0,50,0,0,184,0,0
193,144,0,50,0,0,193,0,183,182,0,50,0,0,183,0,0
192,144,0,50,0,0,192,0,182,182,0,50,0,0,182,0,0
190,144,0,50,0,0,190,0,180,182,0,50,0,0,180,0,0
187,144,0,50,0,0,187,0,176,182,0,50,0,0,176,69,0
183,144,0,50,0,0,183,0,172,182,0,50,0,0,172,267,0
182,144,0,50,0,0,182,0,171,182,0,50,0,0,171,453,0
178,144,0,50,0,0,178,0,168,182,0,50,0,0,168,503,0
178,144,0,50,0,0,178,0,168,182,0,50,0,0,168,696,0
178,144,0,50,0,0,178,0,168,182,0,50,0,0,168,692,0
177,144,0,50,0,0,177,0,167,182,1,50,0,0,167,698,0
180,144,0,50,0,0,180,0,170,182,1,50,0,0,170,737,0
182,144,0,50,0,0,182,0,172,182,1,50,0,0,172,596,0
190,144,0,50,0,0,190,0,179,182,1,50,0,0,179,105,0
194,144,0,50,0,0,194,0,182,182,1,50,0,0,182,0,0
204,144,0,50,0,0,204,0,193,182,0,50,0,0,193,0,0
205,144,0,50,0,0,205,0,196,182,0,50,0,0,196,0,0
207,144,0,50,0,0,207,0,198,182,0,50,0,0,198,0,0
206,144,0,50,0,0,206,0,196,182,0,50,0,0,196,0,0
200,144,0,50,0,0,200,0,190,182,0,50,0,0,190,0,0
200,144,0,50,0,0,200,0,188,182,0,50,0,0,188,0,0
203,144,0,50,0,0,203,0,193,182,0,50,0,0,193,0,0
200,144,0,50,0,0,200,0,190,182,0,50,0,0,190,0,0
194,144,0,50,0,0,194,0,185,182,0,50,0,0,185,0,0
193,144,0,50,0,0,193,0,184,182,0,50,0,0,184,0,0
192,144,0,50,0,0,192,0,183,182,0,50,0,0,183,0,0
192,144,0,50,0,0,192,0,182,182,0,50,0,0,182,0,0
193,144,0,50,0,0,193,0,184,182,0,50,0,0,184,0,0
194,144,0,50,0,0,194,0,184,182,0,50,0,0,184,0,0
193,144,0,50,0,0,193,0,183,182,0,50,0,0,183,0,0
192,144,0,50,0,0,192,0,180,182,0,50,0,0,180,51,0
192,144,0,50,0,0,192,0,180,182,0,50,0,0,180,85,0
191,144,0,50,0,0,191,0,180,182,0,50,0,0,180,98,0
191,144,0,50,0,0,191,0,180,182,0,50,0,0,180,62,0
187,144,0,50,0,0,187,0,176,182,1,50,0,0,176,258,0
175,144,0,50,0,0,175,0,163,182,1,50,0,0,163,914,0
173,144,0,50,0,0,173,0,162,182,1,50,0,0,162,998,0
175,144,0,50,0,0,175,0,165,182,1,50,0,0,165,816,0
178,144,0,50,0,0,178,0,168,182,1,50,0,0,168,660,0
184,144,0,50,0,0,184,0,175,182,1,50,0,0,175,514,0
183,144,0,50,0,0,183,0,174,182,1,50,0,0,174,373,0
187,144,0,50,0,0,187,0,177,182,1,50,0,0,177,375,0
191,144,0,50,0,0,191,0,180,182,0,50,0,0,180,71,0
193,144,0,50,0,0,193,0,181,182,0,50,0,0,181,0,0
191,144,0,50,0,0,191,0,179,182,0,50,0,0,179,132,0
189,144,0,50,0,0,189,0,176,182,0,50,0,0,176,232,0
189,144,0,50,0,0,189,0,177,182,0,50,0,0,177,250,0
196,144,0,50,0,0,196,0,184,182,0,50,0,0,184,75,0
199,144,0,50,0,0,199,0,188,182,0,50,0,0,188,0,0
203,144,0,50,0,0,203,0,194,182,0,50,0,0,194,0,0
204,144,0,50,0,0,204,0,193,182,0,50,0,0,193,0,0
198,144,0,50,0,0,198,0,185,182,0,50,0,0,185,0,0
194,144,0,50,0,0,194,0,184,182,0,50,0,0,184,0,0
194,144,0,50,0,0,194,0,182,182,0,50,0,0,182,0,0
192,144,0,50,0,0,192,0,180,182,0,50,0,0,180,73,0
187,144,0,50,0,0,187,0,175,182,0,50,0,0,175,282,0
185,144,0,50,0,0,185,0,172,182,1,50,0,0,172,476,0
181,144,0,50,0,0,181,0,170,182,1,50,0,0,170,592,0
182,144,0,50,0,0,182,0,172,182,0,50,0,0,172,453,0
183,144,0,50,0,0,183,0,174,182,0,50,0,0,174,373,0
187,144,0,50,0,0,187,0,177,182,0,50,0,0,177,214,0
188,144,0,50,0,0,188,0,179,182,0,50,0,0,179,126,0
189,144,0,50,0,0,189,0,180,182,0,50,0,0,180,87,0
189,144,0,50,0,0,189,0,179,182,0,50,0,0,179,126,0
187,144,0,50,0,0,187,0,176,182,0,50,0,0,176,258,0
187,144,0,50,0,0,187,0,176,182,0,50,0,0,176,253,0
186,144,0,50,0,0,186,0,175,182,0,50,0,0,175,253,0
185,144,0,50,0,0,185,0,173,182,0,50,0,0,173,437,0
187,144,0,50,0,0,187,0,176,182,0,50,0,0,176,385,0
188,144,0,50,0,0,188,0,176,182,0,50,0,0,176,251,0
186,144,0,50,0,0,186,0,174,182,0,50,0,0,174,246,0
187,144,0,50,0,0,187,0,175,182,0,50,0,0,175,332,0
187,144,0,50,0,0,187,0,175,182,0,50,0,0,175,339,0
188,144,0,50,0,0,188,0,177,182,0,50,0,0,177,219,0
191,144,0,50,0,0,191,0,180,182,0,50,0,0,180,185,0
190,144,0,50,0,0,190,0,179,182,0,50,0,0,179,144,0
192,144,0,50,0,0,192,0,180,182,0,50,0,0,180,125,0
192,144,0,50,0,0,192,0,180,182,0,50,0,0,180,64,0
192,144,0,50,0,0,192,0,180,182,0,50,0,0,180,110,0
191,144,0,50,0,0,191,0,179,182,0,50,0,0,179,123,0
191,144,0,50,0,0,191,0,179,182,0,50,0,0,179,225,0
192,144,0,50,0,0,192,0,181,182,0,50,0,0,181,39,0
190,144,0,50,0,0,190,0,178,182,0,50,0,0,178,58,0
188,144,0,50,0,0,188,0,176,182,0,50,0,0,176,264,0
185,144,0,50,0,0,185,0,174,182,0,50,0,0,174,294,0
185,144,0,50,0,0,185,0,174,182,0,50,0,0,174,398,0
183,144,0,50,0,0,183,0,172,182,0,50,0,0,172,433,0
182,144,0,50,0,0,182,0,172,182,0,50,0,0,172,471,0
187,144,0,50,0,0,187,0,177,182,0,50,0,0,177,360,0
191,144,0,50,0,0,191,0,182,182,0,50,0,0,182,0,0
194,144,0,50,0,0,194,0,185,182,0,50,0,0,185,0,0
194,144,0,50,0,0,194,0,184,182,0,50,0,0,184,0,0
195,144,0,50,0,0,195,0,185,182,0,50,0,0,185,0,0
196,144,0,50,0,0,196,0,187,182,0,50,0,0,187,0,0
201,144,0,50,0,0,201,0,192,182,0,50,0,0,192,0,0
203,144,0,50,0,0,203,0,195,182,0,50,0,0,195,0,0
199,144,0,50,0,0,199,0,191,182,0,50,0,0,191,0,0
194,144,0,50,0,0,194,0,185,182,0,50,0,0,185,0,0
190,144,0,50,0,0,190,0,180,182,0,50,0,0,180,101,0
189,144,0,50,0,0,189,0,178,182,0,50,0,0,178,80,0
186,144,0,50,0,0,186,0,175,182,0,50,0,0,175,275,0
184,144,0,50,0,0,184,0,173,182,0,50,0,0,173,346,0
182,144,0,50,0,0,182,0,171,182,0,50,0,0,171,532,0
181,144,0,50,0,0,181,0,170,182,0,50,0,0,170,542,0
183,144,0,50,0,0,183,0,172,182,0,50,0,0,172,687,0
184,144,0,50,0,0,184,0,173,182,0,50,0,0,173,478,0
185,144,0,50,0,0,185,0,173,182,0,50,0,0,173,416,0
187,144,0,50,0,0,187,0,174,182,0,50,0,0,174,433,0
192,144,0,50,0,0,192,0,181,182,0,50,0,0,181,196,0
192,144,0,50,0,0,192,0,180,182,0,50,0,0,180,37,0
195,144,0,50,0,0,195,0,183,182,0,50,0,0,183,0,0
193,144,0,50,0,0,193,0,182,182,0,50,0,0,182,0,0
190,144,0,50,0,0,190,0,178,182,0,50,0,0,178,146,0
192,144,0,50,0,0,192,0,181,182,1,50,0,0,181,153,0
192,144,0,50,0,0,192,0,181,182,0,50,0,0,181,0,0
186,144,0,50,0,0,186,0,176,182,0,50,0,0,176,25,0
186,144,0,50,0,0,186,0,175,182,1,50,0,0,175,348,0
185,144,0,50,0,0,185,0,172,182,1,50,0,0,172,358,0
183,144,0,50,0,0,183,0,170,182,1,50,0,0,170,569,0
182,144,0,50,0,0,182,0,170,182,1,50,0,0,170,601,0
180,144,0,50,0,0,180,0,169,182,1,50,0,0,169,562,0
185,144,0,50,0,0,185,0,174,182,1,50,0,0,174,585,0
189,144,0,50,0,0,189,0,178,182,1,50,0,0,178,392,0
193,144,0,50,0,0,193,0,182,182,0,50,0,0,182,5,0
195,144,0,50,0,0,195,0,184,182,0,50,0,0,184,0,0
198,144,0,50,0,0,198,0,186,182,0,50,0,0,186,0,0
196,144,0,50,0,0,196,0,184,182,0,50,0,0,184,0,0
193,144,0,50,0,0,193,0,180,182,0,50,0,0,180,0,0
196,144,0,50,0,0,196,0,181,182,0,50,0,0,181,73,0
192,144,0,50,0,0,192,0,179,182,0,50,0,0,179,0,0
189,144,0,50,0,0,189,0,177,182,0,50,0,0,177,144,0
186,144,0,50,0,0,186,0,173,182,1,50,0,0,173,312,0
184,144,0,50,0,0,184,0,173,182,1,50,0,0,173,407,0
186,144,0,50,0,0,186,0,175,182,1,50,0,0,175,417,0
186,144,0,50,0,0,186,0,175,182,1,50,0,0,175,350,0
189,144,0,50,0,0,189,0,178,182,1,50,0,0,178,207,0
190,144,0,50,0,0,190,0,180,182,0,50,0,0,180,153,0
197,144,0,50,0,0,197,0,188,182,0,50,0,0,188,0,0
198,144,0,50,0,0,198,0,189,182,0,50,0,0,189,0,0
200,144,0,50,0,0,200,0,190,182,0,50,0,0,190,0,0
201,144,0,50,0,0,201,0,191,182,0,50,0,0,191,0,0
200,144,0,50,0,0,200,0,192,182,0,50,0,0,192,0,0
201,144,0,50,0,0,201,0,193,182,0,50,0,0,193,0,0
200,144,0,50,0,0,200,0,192,182,0,50,0,0,192,0,0
199,144,0,50,0,0,199,0,191,182,0,50,0,0,191,0,0
196,144,0,50,0,0,196,0,187,182,0,50,0,0,187,0,0
197,144,0,50,0,0,197,0,188,182,0,50,0,0,188,0,0
197,144,0,50,0,0,197,0,188,182,0,50,0,0,188,0,0
195,144,0,50,0,0,195,0,185,182,0,50,0,0,185,0,0
193,144,0,50,0,0,193,0,183,182,0,50,0,0,183,0,0
195,144,0,50,0,0,195,0,183,182,0,50,0,0,183,0,0
193,144,0,50,0,0,193,0,179,182,0,50,0,0,179,0,0
194,144,0,50,0,0,194,0,179,182,0,50,0,0,179,128,0
188,144,0,50,0,0,188,0,175,182,0,50,0,0,175,128,0
186,144,0,50,0,0,186,0,175,182,0,50,0,0,175,326,0
181,144,0,50,0,0,181,0,170,182,0,50,0,0,170,346,0
174,144,0,50,0,0,174,0,164,182,1,50,0,0,164,582,0
185,144,0,50,0,0,185,0,173,182,1,50,0,0,173,880,0
187,144,0,50,0,0,187,0,176,182,0,50,0,0,176,432,0
196,144,0,50,0,0,196,0,185,182,0,50,0,0,185,266,0
197,144,0,50,0,0,197,0,185,182,0,50,0,0,185,0,0
196,144,0,50,0,0,196,0,182,182,0,50,0,0,182,0,0
198,144,0,50,0,0,198,0,185,182,0,50,0,0,185,0,0
193,144,0,50,0,0,193,0,180,182,0,50,0,0,180,0,0
189,144,0,50,0,0,189,0,175,182,0,50,0,0,175,92,0
188,144,0,50,0,0,188,0,173,182,0,50,0,0,173,321,0
190,144,0,50,0,0,190,0,174,182,0,50,0,0,174,435,0
190,144,0,50,0,0,190,0,177,182,0,50,0,0,177,355,0
187,144,0,50,0,0,187,0,174,182,0,50,0,0,174,214,0
185,144,0,50,0,0,185,0,173,182,0,50,0,0,173,375,0
186,144,0,50,0,0,186,0,175,182,0,50,0,0,175,391,0
185,144,0,50,0,0,185,0,174,182,0,50,0,0,174,339,0
181,144,0,50,0,0,181,0,170,182,0,50,0,0,170,469,0
182,144,0,50,0,0,182,0,171,182,0,50,0,0,171,564,0
181,144,0,50,0,0,181,0,170,182,0,50,0,0,170,530,0
182,144,0,50,0,0,182,0,171,182,0,50,0,0,171,569,0
186,144,0,50,0,0,186,0,176,182,0,50,0,0,176,516,0
187,144,0,50,0,0,187,0,177,182,0,50,0,0,177,287,0
189,144,0,50,0,0,189,0,178,182,0,50,0,0,178,241,0
192,144,0,50,0,0,192,0,181,182,0,50,0,0,181,175,0
193,144,0,50,0,0,193,0,180,182,0,50,0,0,180,58,0
195,144,0,50,0,0,195,0,181,182,0,50,0,0,181,21,0
197,144,0,50,0,0,197,0,183,182,0,50,0,0,183,0,0
200,144,0,50,0,0,200,0,188,182,0,50,0,0,188,0,0
205,144,0,50,0,0,205,0,197,182,0,50,0,0,197,0,0
203,144,0,50,0,0,203,0,195,182,0,50,0,0,195,0,0
199,144,0,50,0,0,199,0,188,182,0,50,0,0,188,0,0
195,144,0,50,0,0,195,0,182,182,0,50,0,0,182,0,0
190,144,0,50,0,0,190,0,177,182,0,50,0,0,177,216,0
190,144,0,50,0,0,190,0,177,182,0,50,0,0,177,221,0
187,144,0,50,0,0,187,0,174,182,0,50,0,0,174,369,0
186,144,0,50,0,0,186,0,173,182,0,50,0,0,173,446,0
189,144,0,50,0,0,189,0,175,182,0,50,0,0,175,332,0
191,144,0,50,0,0,191,0,178,182,0,50,0,0,178,187,0
199,144,0,50,0,0,199,0,188,182,0,50,0,0,188,0,0
199,144,0,50,0,0,199,0,188,182,0,50,0,0,188,0,0
198,144,0,50,0,0,198,0,184,182,0,50,0,0,184,0,0
197,144,0,50,0,0,197,0,184,182,0,50,0,0,184,0,0
196,144,0,50,0,0,196,0,184,182,0,50,0,0,184,0,0
194,144,0,50,0,0,194,0,182,182,0,50,0,0,182,0,0
188,144,0,50,0,0,188,0,175,182,0,50,0,0,175,328,0
186,144,0,50,0,0,186,0,174,182,0,50,0,0,174,400,0
182,144,0,50,0,0,182,0,169,182,0,50,0,0,169,607,0
180,144,0,50,0,0,180,0,168,182,0,50,0,0,168,678,0
180,144,0,50,0,0,180,0,168,182,0,50,0,0,168,698,0
178,144,0,50,0,0,178,0,166,182,0,50,0,0,166,755,0
182,144,0,50,0,0,182,0,172,182,0,50,0,0,172,607,0
184,144,0,50,0,0,184,0,173,182,0,50,0,0,173,405,0
189,144,0,50,0,0,189,0,178,182,0,50,0,0,178,273,0
192,144,0,50,0,0,192,0,180,182,0,50,0,0,180,80,0
194,144,0,50,0,0,194,0,182,182,0,50,0,0,182,32,0
195,144,0,50,0,0,195,0,183,182,0,50,0,0,183,0,0
196,144,0,50,0,0,196,0,185,182,0,50,0,0,185,0,0
196,144,0,50,0,0,196,0,185,182,0,50,0,0,185,0,0
192,144,0,50,0,0,192,0,181,182,0,50,0,0,181,0,0
189,144,0,50,0,0,189,0,177,182,1,50,0,0,177,217,0
188,144,0,50,0,0,188,0,176,182,1,50,0,0,176,312,0
190,144,0,50,0,0,190,0,179,182,1,50,0,0,179,108,0
194,144,0,50,0,0,194,0,184,182,0,50,0,0,184,0,0
195,144,0,50,0,0,195,0,184,182,0,50,0,0,184,0,0
191,144,0,50,0,0,191,0,180,182,0,50,0,0,180,0,0
190,144,0,50,0,0,190,0,178,182,1,50,0,0,178,157,0
191,144,0,50,0,0,191,0,180,182,1,50,0,0,180,130,0
192,144,0,50,0,0,192,0,180,182,0,50,0,0,180,80,0
190,144,0,50,0,0,190,0,179,182,0,50,0,0,179,67,0
189,144,0,50,0,0,189,0,178,182,1,50,0,0,178,185,0
190,144,0,50,0,0,190,0,179,182,1,50,0,0,179,146,0
190,144,0,50,0,0,190,0,179,182,1,50,0,0,179,139,0
186,144,0,50,0,0,186,0,173,182,1,50,0,0,173,283,0
185,144,0,50,0,0,185,0,173,182,1,50,0,0,173,428,0
184,144,0,50,0,0,184,0,170,182,1,50,0,0,170,491,0
186,144,0,50,0,0,186,0,171,182,1,50,0,0,171,575,0
188,144,0,50,0,0,188,0,175,182,1,50,0,0,175,403,0
186,144,0,50,0,0,186,0,173,182,1,50,0,0,173,326,0
188,144,0,50,0,0,188,0,176,182,1,50,0,0,176,391,0
190,144,0,50,0,0,190,0,179,182,1,50,0,0,179,298,0
194,144,0,50,0,0,194,0,183,182,0,50,0,0,183,89,0
197,144,0,50,0,0,197,0,187,182,0,50,0,0,187,0,0
200,144,0,50,0,0,200,0,189,182,0,50,0,0,189,0,0
199,144,0,50,0,0,199,0,189,182,0,50,0,0,189,0,0
197,144,0,50,0,0,197,0,185,182,0,50,0,0,187,0,0
195,144,0,50,0,0,195,0,185,182,0,50,0,0,185,0,0
194,144,0,50,0,0,194,0,183,182,0,50,0,0,183,0,0
192,144,0,50,0,0,192,0,182,182,0,50,0,0,182,0,0
191,144,0,50,0,0,191,0,180,182,0,50,0,0,180,60,0
195,144,0,50,0,0,195,0,186,182,0,50,0,0,186,0,0
195,144,0,50,0,0,195,0,187,182,0,50,0,0,187,0,0
194,144,0,50,0,0,194,0,186,182,0,50,0,0,186,0,0
196,144,0,50,0,0,196,0,187,182,0,50,0,0,187,0,0
196,144,0,50,0,0,196,0,186,182,0,50,0,0,186,0,0
192,144,0,50,0,0,192,0,181,182,0,50,0,0,181,37,0
190,144,0,50,0,0,190,0,178,182,0,50,0,0,178,160,0
188,144,0,50,0,0,188,0,177,182,0,50,0,0,177,250,0
187,144,0,50,0,0,187,0,176,182,0,50,0,0,176,373,0
190,144,0,50,0,0,190,0,179,182,0,50,0,0,179,135,0
189,144,0,50,0,0,189,0,178,182,0,50,0,0,178,135,0
188,144,0,50,0,0,188,0,178,182,0,50,0,0,178,178,0
187,144,0,50,0,0,187,0,176,182,0,50,0,0,176,148,0
188,144,0,50,0,0,188,0,176,182,0,50,0,0,176,269,0
190,144,0,50,0,0,190,0,176,182,0,50,0,0,176,251,0
192,144,0,50,0,0,192,0,178,182,0,50,0,0,178,257,0
185,144,0,50,0,0,185,0,173,182,0,50,0,0,173,182,0
182,144,0,50,0,0,182,0,170,182,0,50,0,0,170,416,0
178,144,0,50,0,0,178,0,167,182,1,50,0,0,167,628,0
180,144,0,50,0,0,180,0,168,182,1,50,0,0,168,746,0
185,144,0,50,0,0,185,0,175,182,1,50,0,0,175,521,0
187,144,0,50,0,0,187,0,177,182,0,50,0,0,177,301,0
193,144,0,50,0,0,193,0,181,182,0,50,0,0,181,91,0
192,144,0,50,0,0,192,0,180,182,0,50,0,0,180,26,0
192,144,0,50,0,0,192,0,181,182,0,50,0,0,181,53,0
196,144,0,50,0,0,196,0,186,182,0,50,0,0,186,1,0
200,144,0,50,0,0,200,0,190,182,0,50,0,0,190,0,0
199,144,0,50,0,0,199,0,189,182,0,50,0,0,189,0,0
200,144,0,50,0,0,200,0,190,182,0,50,0,0,190,0,0
202,144,0,50,0,0,202,0,193,182,0,50,0,0,193,0,0
201,144,0,50,0,0,201,0,193,182,0,50,0,0,193,0,0
199,144,0,50,0,0,199,0,191,182,0,50,0,0,191,0,0
192,144,0,50,0,0,192,0,182,182,0,50,0,0,182,0,0
189,144,0,50,0,0,189,0,179,182,0,50,0,0,179,0,0
187,144,0,50,0,0,187,0,177,182,0,50,0,0,177,221,0
187,144,0,50,0,0,187,0,177,182,0,50,0,0,177,232,0
188,144,0,50,0,0,188,0,179,182,0,50,0,0,179,144,0
188,144,0,50,0,0,188,0,178,182,0,50,0,0,178,123,0
187,144,0,50,0,0,187,0,177,182,0,50,0,0,177,125,0
186,144,0,50,0,0,186,0,176,182,0,50,0,0,176,201,0
184,144,0,50,0,0,184,0,174,182,0,50,0,0,174,276,0
185,144,0,50,0,0,185,0,175,182,0,50,0,0,175,353,0
186,144,0,50,0,0,186,0,176,182,0,50,0,0,176,330,0
185,144,0,50,0,0,185,0,175,182,0,50,0,0,175,298,0
187,144,0,50,0,0,187,0,175,182,0,50,0,0,175,335,0
187,144,0,50,0,0,187,0,176,182,0,50,0,0,176,310,0
187,144,0,50,0,0,187,0,178,182,0,50,0,0,178,278,0
189,144,0,50,0,0,189,0,180,182,0,50,0,0,180,196,0
192,144,0,50,0,0,192,0,182,182,0,50,0,0,182,73,0
191,144,0,50,0,0,191,0,179,182,0,50,0,0,179,0,0
191,144,0,50,0,0,191,0,179,182,0,50,0,0,179,107,0
190,144,0,50,0,0,190,0,178,182,0,50,0,0,178,148,0
189,144,0,50,0,0,189,0,177,182,0,50,0,0,177,155,0
190,144,0,50,0,0,190,0,179,182,0,50,0,0,179,219,0
191,144,0,50,0,0,191,0,179,182,0,50,0,0,179,126,0
189,144,0,50,0,0,189,0,176,182,0,50,0,0,176,105,0
187,144,0,50,0,0,187,0,174,182,0,50,0,0,174,266,0
187,144,0,50,0,0,187,0,175,182,0,50,0,0,175,375,0
183,144,0,50,0,0,183,0,170,182,0,50,0,0,170,305,0
182,144,0,50,0,0,182,0,169,182,0,50,0,0,169,551,0
184,144,0,50,0,0,184,0,170,182,0,50,0,0,170,621,0
185,144,0,50,0,0,185,0,172,182,0,50,0,0,172,555,0
185,144,0,50,0,0,185,0,172,182,0,50,0,0,172,462,0
186,144,0,50,0,0,186,0,174,182,1,50,0,0,174,471,0
191,144,0,50,0,0,191,0,177,182,1,50,0,0,177,201,0
192,144,0,50,0,0,192,0,177,182,1,50,0,0,177,207,0
193,144,0,50,0,0,193,0,179,182,1,50,0,0,179,100,0
192,144,0,50,0,0,192,0,178,182,1,50,0,0,178,157,0
193,144,0,50,0,0,193,0,180,182,1,50,0,0,180,75,0
192,144,0,50,0,0,192,0,178,182,1,50,0,0,178,178,0
190,144,0,50,0,0,190,0,175,182,1,50,0,0,175,223,0
190,144,0,50,0,0,190,0,176,182,1,50,0,0,176,267,0
190,144,0,50,0,0,190,0,179,182,1,50,0,0,179,128,0
187,144,0,50,0,0,187,0,175,182,1,50,0,0,175,307,0
186,144,0,50,0,0,186,0,174,182,1,50,0,0,174,380,0
186,144,0,50,0,0,186,0,174,182,1,50,0,0,174,369,0
187,144,0,50,0,0,187,0,174,182,1,50,0,0,174,367,0
195,144,0,50,0,0,195,0,182,182,0,50,0,0,182,0,0
200,144,0,50,0,0,200,0,188,182,0,50,0,0,188,0,0
204,144,0,50,0,0,204,0,191,182,0,50,0,0,191,0,0
204,144,0,50,0,0,204,0,190,182,0,50,0,0,190,0,0
202,144,0,50,0,0,202,0,187,182,0,50,0,0,187,0,0
201,144,0,50,0,0,201,0,186,182,0,50,0,0,186,0,0
198,144,0,50,0,0,198,0,185,182,0,50,0,0,185,0,0
196,144,0,50,0,0,196,0,182,182,0,50,0,0,182,0,0
196,144,0,50,0,0,196,0,178,182,0,50,0,0,178,164,0
195,144,0,50,0,0,195,0,178,182,0,50,0,0,178,194,0
189,144,0,50,0,0,189,0,173,182,1,50,0,0,173,410,0
187,144,0,50,0,0,187,0,173,182,1,50,0,0,173,441,0
185,144,0,50,0,0,185,0,172,182,1,50,0,0,172,451,0
187,144,0,50,0,0,187,0,176,182,0,50,0,0,176,287,0
195,144,0,50,0,0,195,0,184,182,0,50,0,0,184,0,0
197,144,0,50,0,0,197,0,184,182,0,50,0,0,184,0,0
195,144,0,50,0,0,195,0,181,182,0,50,0,0,181,28,0
197,144,0,50,0,0,197,0,184,182,0,50,0,0,184,0,0
198,144,0,50,0,0,198,0,185,182,0,50,0,0,185,0,0
197,144,0,50,0,0,197,0,185,182,0,50,0,0,185,0,0
200,144,0,50,0,0,200,0,188,182,0,50,0,0,188,0,0
201,144,0,50,0,0,201,0,189,182,0,50,0,0,189,0,0
198,144,0,50,0,0,198,0,191,182,0,50,0,0,191,0,0
198,144,0,50,0,0,198,0,192,182,0,50,0,0,192,0,0
197,144,0,50,0,0,197,0,187,182,0,50,0,0,187,0,0
195,144,0,50,0,0,195,0,182,182,0,50,0,0,182,0,0
188,144,0,50,0,0,188,0,174,182,0,50,0,0,174,235,0
183,144,0,50,0,0,183,0,170,182,1,50,0,0,170,596,0
181,144,0,50,0,0,181,0,168,182,1,50,0,0,168,717,0
182,144,0,50,0,0,182,0,169,182,1,50,0,0,169,632,0
180,144,0,50,0,0,180,0,168,182,1,50,0,0,168,596,0
180,144,0,50,0,0,180,0,167,182,1,50,0,0,167,719,0
183,144,0,50,0,0,183,0,169,182,1,50,0,0,169,798,0
185,144,0,50,0,0,185,0,172,182,0,50,0,0,172,464,0
189,144,0,50,0,0,189,0,177,182,0,50,0,0,177,360,0
192,144,0,50,0,0,192,0,180,182,0,50,0,0,180,87,0
198,144,0,50,0,0,198,0,185,182,0,50,0,0,185,0,0
202,144,0,50,0,0,202,0,189,182,0,50,0,0,189,0,0
200,144,0,50,0,0,200,0,187,182,0,50,0,0,187,0,0
197,144,0,50,0,0,197,0,184,182,0,50,0,0,184,0,0
189,144,0,50,0,0,189,0,176,182,0,50,0,0,176,14,0
188,144,0,50,0,0,188,0,176,182,0,50,0,0,176,257,0
195,144,0,50,0,0,195,0,182,182,0,50,0,0,182,169,0
199,144,0,50,0,0,199,0,185,182,0,50,0,0,185,0,0
198,144,0,50,0,0,198,0,183,182,0,50,0,0,183,0,0
197,144,0,50,0,0,197,0,181,182,0,50,0,0,181,0,0
194,144,0,50,0,0,194,0,178,182,0,50,0,0,178,175,0
196,144,0,50,0,0,196,0,183,182,0,50,0,0,183,87,0
196,144,0,50,0,0,196,0,184,182,0,50,0,0,184,0,0
192,144,0,50,0,0,192,0,177,182,0,50,0,0,177,26,0
188,144,0,50,0,0,188,0,173,182,0,50,0,0,173,446,0
183,144,0,50,0,0,183,0,170,182,0,50,0,0,170,491,0
181,144,0,50,0,0,181,0,168,182,1,50,0,0,168,691,0
182,144,0,50,0,0,182,0,171,182,1,50,0,0,171,712,0
186,144,0,50,0,0,186,0,176,182,0,50,0,0,176,253,0
194,144,0,50,0,0,194,0,184,182,0,50,0,0,184,92,0
199,144,0,50,0,0,199,0,187,182,0,50,0,0,187,0,0
203,144,0,50,0,0,203,0,191,182,0,50,0,0,191,0,0
205,144,0,50,0,0,205,0,193,182,0,50,0,0,193,0,0
201,144,0,50,0,0,201,0,189,182,0,50,0,0,189,0,0
198,144,0,50,0,0,198,0,186,182,0,50,0,0,186,0,0
190,144,0,50,0,0,190,0,177,182,0,50,0,0,177,23,0
191,144,0,50,0,0,191,0,177,182,0,50,0,0,177,207,0
193,144,0,50,0,0,193,0,178,182,0,50,0,0,178,185,0
190,144,0,50,0,0,190,0,176,182,0,50,0,0,176,280,0
189,144,0,50,0,0,189,0,176,182,0,50,0,0,176,342,0
189,144,0,50,0,0,189,0,177,182,0,50,0,0,177,237,0
192,144,0,50,0,0,192,0,181,182,0,50,0,0,181,107,0
190,144,0,50,0,0,190,0,179,182,0,50,0,0,179,26,0
187,144,0,50,0,0,187,0,175,182,0,50,0,0,175,239,0
187,144,0,50,0,0,187,0,175,182,0,50,0,0,175,303,0
193,144,0,50,0,0,193,0,180,182,0,50,0,0,180,269,0
196,144,0,50,0,0,196,0,185,182,0,50,0,0,185,57,0
197,144,0,50,0,0,197,0,188,182,0,50,0,0,188,0,0
197,144,0,50,0,0,197,0,186,182,0,50,0,0,186,0,0
196,144,0,50,0,0,196,0,184,182,0,50,0,0,184,0,0
195,144,0,50,0,0,195,0,183,182,0,50,0,0,183,0,0
192,144,0,50,0,0,192,0,181,182,0,50,0,0,181,0,0
192,144,0,50,0,0,192,0,181,182,0,50,0,0,181,12,0
188,144,0,50,0,0,188,0,176,182,0,50,0,0,176,178,0
186,144,0,50,0,0,186,0,175,182,0,50,0,0,175,273,0
182,144,0,50,0,0,182,0,171,182,0,50,0,0,171,396,0
179,144,0,50,0,0,179,0,167,182,0,50,0,0,167,542,0
179,144,0,50,0,0,179,0,166,182,1,50,0,0,166,951,0
185,144,0,50,0,0,185,0,171,182,0,50,0,0,171,792,0
192,144,0,50,0,0,192,0,179,182,0,50,0,0,179,321,0
194,144,0,50,0,0,194,0,183,182,0,50,0,0,183,130,0
197,144,0,50,0,0,197,0,187,182,0,50,0,0,187,0,0
197,144,0,50,0,0,197,0,187,182,0,50,0,0,187,0,0
198,144,0,50,0,0,198,0,187,182,0,50,0,0,187,0,0
196,144,0,50,0,0,196,0,185,182,0,50,0,0,185,0,0
192,144,0,50,0,0,192,0,181,182,0,50,0,0,181,0,0
190,144,0,50,0,0,190,0,179,182,1,50,0,0,179,17,0
188,144,0,50,0,0,188,0,176,182,1,50,0,0,176,241,0
186,144,0,50,0,0,186,0,174,182,1,50,0,0,174,296,0
188,144,0,50,0,0,188,0,176,182,1,50,0,0,176,357,0
189,144,0,50,0,0,189,0,176,182,1,50,0,0,176,275,0
188,144,0,50,0,0,188,0,175,182,1,50,0,0,175,275,0
187,144,0,50,0,0,187,0,173,182,1,50,0,0,173,330,0
184,144,0,50,0,0,184,0,171,182,1,50,0,0,171,432,0
182,144,0,50,0,0,182,0,170,182,1,50,0,0,170,505,0
185,144,0,50,0,0,185,0,174,182,1,50,0,0,174,562,0
186,144,0,50,0,0,186,0,174,182,1,50,0,0,174,385,0
192,144,0,50,0,0,192,0,181,182,1,50,0,0,181,392,0
194,144,0,50,0,0,194,0,184,182,0,50,0,0,184,26,0
196,144,0,50,0,0,196,0,186,182,0,50,0,0,186,0,0
203,144,0,50,0,0,203,0,194,182,0,50,0,0,194,0,0
205,144,0,50,0,0,205,0,195,182,0,50,0,0,195,0,0
202,144,0,50,0,0,202,0,191,182,0,50,0,0,191,0,0
203,144,0,50,0,0,203,0,191,182,0,50,0,0,191,0,0
202,144,0,50,0,0,202,0,191,182,0,50,0,0,191,0,0
202,144,0,50,0,0,202,0,191,182,0,50,0,0,191,0,0
198,144,0,50,0,0,198,0,187,182,0,50,0,0,187,0,0
195,144,0,50,0,0,195,0,183,182,0,50,0,0,183,0,0
192,144,0,50,0,0,192,0,180,182,0,50,0,0,180,85,0
193,144,0,50,0,0,193,0,182,182,0,50,0,0,182,78,0
193,144,0,50,0,0,193,0,181,182,0,50,0,0,181,0,0
192,144,0,50,0,0,192,0,181,182,0,50,0,0,181,16,0
188,144,0,50,0,0,188,0,176,182,0,50,0,0,176,223,0
185,144,0,50,0,0,185,0,173,182,1,50,0,0,173,271,0
181,144,0,50,0,0,181,0,168,182,1,50,0,0,168,607,0
181,144,0,50,0,0,181,0,169,182,1,50,0,0,169,662,0
182,144,0,50,0,0,182,0,171,182,1,50,0,0,171,628,0
182,144,0,50,0,0,182,0,172,182,1,50,0,0,172,539,0
186,144,0,50,0,0,186,0,175,182,1,50,0,0,175,475,0
193,144,0,50,0,0,193,0,181,182,0,50,0,0,181,316,0
195,144,0,50,0,0,195,0,182,182,0,50,0,0,182,42,0
195,144,0,50,0,0,195,0,180,182,0,50,0,0,180,0,0
190,144,0,50,0,0,190,0,176,182,0,50,0,0,176,75,0
190,144,0,50,0,0,190,0,176,182,0,50,0,0,176,257,0
188,144,0,50,0,0,188,0,174,182,0,50,0,0,174,300,0
190,144,0,50,0,0,190,0,176,182,0,50,0,0,176,357,0
197,144,0,50,0,0,197,0,185,182,0,50,0,0,185,276,0
198,144,0,50,0,0,198,0,185,182,0,50,0,0,185,0,0
203,144,0,50,0,0,203,0,191,182,0,50,0,0,191,0,0
203,144,0,50,0,0,203,0,189,182,0,50,0,0,189,0,0
199,144,0,50,0,0,199,0,184,182,0,50,0,0,184,0,0
198,144,0,50,0,0,198,0,184,182,0,50,0,0,184,0,0
194,144,0,50,0,0,194,0,179,182,0,50,0,0,179,0,0
194,144,0,50,0,0,194,0,179,182,0,50,0,0,179,130,0
193,144,0,50,0,0,193,0,177,182,0,50,0,0,177,146,0
195,144,0,50,0,0,195,0,180,182,0,50,0,0,180,221,0
192,144,0,50,0,0,192,0,178,182,0,50,0,0,178,92,0
194,144,0,50,0,0,194,0,181,182,0,50,0,0,181,189,0
196,144,0,50,0,0,196,0,184,182,0,50,0,0,184,46,0
194,144,0,50,0,0,194,0,181,182,0,50,0,0,181,0,0
193,144,0,50,0,0,193,0,179,182,0,50,0,0,179,17,0
190,144,0,50,0,0,190,0,177,182,0,50,0,0,177,250,0
191,144,0,50,0,0,191,0,178,182,0,50,0,0,178,151,0
189,144,0,50,0,0,189,0,176,182,0,50,0,0,176,266,0
184,144,0,50,0,0,184,0,171,182,0,50,0,0,171,503,0
183,144,0,50,0,0,183,0,172,182,0,50,0,0,172,487,0
183,144,0,50,0,0,183,0,173,182,0,50,0,0,173,498,0
187,144,0,50,0,0,187,0,177,182,0,50,0,0,177,214,0
192,144,0,50,0,0,192,0,183,182,0,50,0,0,183,0,0
192,144,0,50,0,0,192,0,182,182,0,50,0,0,182,0,0
192,144,0,50,0,0,192,0,183,182,0,50,0,0,183,0,0
189,144,0,50,0,0,189,0,179,182,0,50,0,0,179,110,0
189,144,0,50,0,0,189,0,178,182,0,50,0,0,178,196,0
184,144,0,50,0,0,184,0,173,182,0,50,0,0,173,437,0
183,144,0,50,0,0,183,0,172,182,0,50,0,0,172,491,0
181,144,0,50,0,0,181,0,170,182,0,50,0,0,170,569,0
179,144,0,50,0,0,179,0,169,182,0,50,0,0,169,610,0
176,144,0,50,0,0,176,0,165,182,1,50,0,0,165,841,0
180,144,0,50,0,0,180,0,171,182,0,50,0,0,171,544,0
184,144,0,50,0,0,184,0,176,182,0,50,0,0,176,298,0
186,144,0,50,0,0,186,0,177,182,0,50,0,0,177,248,0
188,144,0,50,0,0,188,0,178,182,0,50,0,0,178,158,0
189,144,0,50,0,0,189,0,179,182,0,50,0,0,179,148,0
191,144,0,50,0,0,191,0,179,182,0,50,0,0,179,119,0
194,144,0,50,0,0,194,0,181,182,0,50,0,0,181,8,0
194,144,0,50,0,0,194,0,180,182,0,50,0,0,180,51,0
195,144,0,50,0,0,195,0,182,182,0,50,0,0,182,0,0
201,144,0,50,0,0,201,0,186,182,0,50,0,0,186,0,0
198,144,0,50,0,0,198,0,184,182,0,50,0,0,184,0,0
195,144,0,50,0,0,195,0,181,182,0,50,0,0,181,12,0
198,144,0,50,0,0,198,0,183,182,0,50,0,0,183,0,0
199,144,0,50,0,0,199,0,185,182,0,50,0,0,185,0,0
197,144,0,50,0,0,197,0,183,182,0,50,0,0,183,0,0
195,144,0,50,0,0,195,0,180,182,0,50,0,0,180,105,0
198,144,0,50,0,0,198,0,184,182,0,50,0,0,184,0,0
198,144,0,50,0,0,198,0,185,182,0,50,0,0,185,0,0
198,144,0,50,0,0,198,0,185,182,0,50,0,0,185,0,0
198,144,0,50,0,0,198,0,185,182,0,50,0,0,185,0,0
196,144,0,50,0,0,196,0,183,182,0,50,0,0,183,0,0
189,144,0,50,0,0,189,0,176,182,0,50,0,0,176,116,0
188,144,0,50,0,0,188,0,175,182,0,50,0,0,175,317,0
180,144,0,50,0,0,180,0,168,182,0,50,0,0,168,442,0
176,144,0,50,0,0,176,0,165,182,0,50,0,0,165,850,0
176,144,0,50,0,0,176,0,165,182,0,50,0,0,165,864,0
179,144,0,50,0,0,179,0,168,182,0,50,0,0,168,696,0
192,144,0,50,0,0,192,0,180,182,0,50,0,0,180,387,0
197,144,0,50,0,0,197,0,185,182,0,50,0,0,185,0,0
202,144,0,50,0,0,202,0,189,182,0,50,0,0,189,0,0
202,144,0,50,0,0,202,0,190,182,0,50,0,0,190,0,0
204,144,0,50,0,0,204,0,192,182,0,50,0,0,192,0,0
205,144,0,50,0,0,205,0,194,182,0,50,0,0,194,0,0
202,144,0,50,0,0,202,0,188,182,0,50,0,0,188,0,0
201,144,0,50,0,0,201,0,186,182,0,50,0,0,186,0,0
200,144,0,50,0,0,200,0,186,182,0,50,0,0,186,0,0
200,144,0,50,0,0,200,0,184,182,0,50,0,0,184,0,0
197,144,0,50,0,0,197,0,182,182,0,50,0,0,182,0,0
196,144,0,50,0,0,196,0,181,182,0,50,0,0,181,12,0
194,144,0,50,0,0,194,0,180,182,1,50,0,0,180,64,0
190,144,0,50,0,0,190,0,178,182,1,50,0,0,178,80,0
188,144,0,50,0,0,188,0,177,182,1,50,0,0,177,230,0
187,144,0,50,0,0,187,0,176,182,1,50,0,0,176,221,0
186,144,0,50,0,0,186,0,175,182,1,50,0,0,175,346,0
185,144,0,50,0,0,185,0,175,182,1,50,0,0,175,358,0
190,144,0,50,0,0,190,0,177,182,1,50,0,0,177,223,0
191,144,0,50,0,0,191,0,180,182,1,50,0,0,180,180,0
192,144,0,50,0,0,192,0,181,182,0,50,0,0,181,14,0
189,144,0,50,0,0,189,0,178,182,0,50,0,0,178,82,0
188,144,0,50,0,0,188,0,178,182,1,50,0,0,178,167,0
192,144,0,50,0,0,192,0,181,182,0,50,0,0,181,158,0
195,144,0,50,0,0,195,0,182,182,0,50,0,0,182,0,0
196,144,0,50,0,0,196,0,184,182,0,50,0,0,184,0,0
193,144,0,50,0,0,193,0,180,182,0,50,0,0,180,57,0
185,144,0,50,0,0,185,0,171,182,1,50,0,0,171,391,0
184,144,0,50,0,0,184,0,171,182,1,50,0,0,171,525,0
186,144,0,50,0,0,186,0,175,182,1,50,0,0,175,532,0
186,144,0,50,0,0,186,0,176,182,1,50,0,0,176,275,0
184,144,0,50,0,0,184,0,174,182,0,50,0,0,174,248,0
182,144,0,50,0,0,182,0,171,182,1,50,0,0,171,364,0
188,144,0,50,0,0,188,0,174,182,1,50,0,0,174,491,0
184,144,0,50,0,0,184,0,171,182,1,50,0,0,171,362,0
179,144,0,50,0,0,179,0,168,182,1,50,0,0,168,578,0
178,144,0,50,0,0,178,0,167,182,1,50,0,0,167,682,0
180,144,0,50,0,0,180,0,170,182,1,50,0,0,170,712,0
183,144,0,50,0,0,183,0,173,182,1,50,0,0,173,598,0
190,144,0,50,0,0,190,0,180,182,0,50,0,0,180,248,0
193,144,0,50,0,0,193,0,182,182,0,50,0,0,182,100,0
196,144,0,50,0,0,196,0,186,182,0,50,0,0,186,0,0
198,144,0,50,0,0,198,0,188,182,0,50,0,0,188,0,0
199,144,0,50,0,0,199,0,188,182,0,50,0,0,188,0,0
198,144,0,50,0,0,198,0,186,182,0,50,0,0,186,0,0
198,144,0,50,0,0,198,0,186,182,0,50,0,0,186,0,0
196,144,0,50,0,0,196,0,184,182,0,50,0,0,184,0,0
197,144,0,50,0,0,197,0,186,182,0,50,0,0,186,0,0
198,144,0,50,0,0,198,0,187,182,0,50,0,0,187,0,0
200,144,0,50,0,0,200,0,190,182,0,50,0,0,190,0,0
202,144,0,50,0,0,202,0,189,182,0,50,0,0,189,0,0
203,144,0,50,0,0,203,0,190,182,0,50,0,0,190,0,0
201,144,0,50,0,0,201,0,190,182,0,50,0,0,190,0,0
200,144,0,50,0,0,200,0,190,182,0,50,0,0,190,0,0
197,144,0,50,0,0,197,0,187,182,0,50,0,0,187,0,0
191,144,0,50,0,0,191,0,179,182,0,50,0,0,179,0,0
189,144,0,50,0,0,189,0,176,182,0,50,0,0,176,132,0
186,144,0,50,0,0,186,0,171,182,0,50,0,0,171,257,0
185,144,0,50,0,0,185,0,171,182,1,50,0,0,171,544,0
183,144,0,50,0,0,183,0,171,182,0,50,0,0,171,508,0
182,144,0,50,0,0,182,0,170,182,0,50,0,0,170,526,0
182,144,0,50,0,0,182,0,170,182,0,50,0,0,170,562,0
185,144,0,50,0,0,185,0,174,182,0,50,0,0,174,573,0
189,144,0,50,0,0,189,0,178,182,0,50,0,0,178,382,0
189,144,0,50,0,0,189,0,178,182,0,50,0,0,178,175,0
191,144,0,50,0,0,191,0,180,182,0,50,0,0,180,198,0
195,144,0,50,0,0,195,0,186,182,0,50,0,0,186,82,0
198,144,0,50,0,0,198,0,190,182,0,50,0,0,190,0,0
197,144,0,50,0,0,197,0,188,182,0,50,0,0,188,0,0
198,144,0,50,0,0,198,0,188,182,0,50,0,0,188,0,0
196,144,0,50,0,0,196,0,186,182,0,50,0,0,186,0,0
197,144,0,50,0,0,197,0,186,182,0,50,0,0,186,0,0
199,144,0,50,0,0,199,0,189,182,0,50,0,0,189,0,0
196,144,0,50,0,0,196,0,186,182,0,50,0,0,186,0,0
198,144,0,50,0,0,198,0,186,182,0,50,0,0,186,0,0
196,144,0,50,0,0,196,0,184,182,0,50,0,0,184,0,0
190,144,0,50,0,0,190,0,178,182,0,50,0,0,178,5,0
187,144,0,50,0,0,187,0,175,182,0,50,0,0,175,198,0
183,144,0,50,0,0,183,0,173,182,0,50,0,0,173,332,0
182,144,0,50,0,0,182,0,172,182,0,50,0,0,172,448,0
185,144,0,50,0,0,185,0,175,182,0,50,0,0,175,480,0
187,144,0,50,0,0,187,0,178,182,0,50,0,0,178,319,0
194,144,0,50,0,0,194,0,182,182,0,50,0,0,182,194,0
196,144,0,50,0,0,196,0,184,182,0,50,0,0,184,0,0
195,144,0,50,0,0,195,0,184,182,0,50,0,0,184,0,0
194,144,0,50,0,0,194,0,182,182,0,50,0,0,182,0,0
187,144,0,50,0,0,187,0,169,182,0,50,0,0,169,0,0
190,144,0,50,0,0,190,0,176,182,0,50,0,0,176,258,0
190,144,0,50,0,0,190,0,180,182,0,50,0,0,180,91,0
188,144,0,50,0,0,188,0,177,182,0,50,0,0,177,233,0
183,144,0,50,0,0,183,0,171,182,0,50,0,0,171,550,0
181,144,0,50,0,0,181,0,167,182,0,50,0,0,167,707,0
185,144,0,50,0,0,185,0,169,182,0,50,0,0,169,628,0
185,144,0,50,0,0,185,0,170,182,0,50,0,0,170,573,0
196,144,0,50,0,0,196,0,182,182,0,50,0,0,182,0,0
200,144,0,50,0,0,200,0,186,182,0,50,0,0,186,0,0
204,144,0,50,0,0,204,0,190,182,0,50,0,0,190,0,0
201,144,0,50,0,0,201,0,189,182,0,50,0,0,189,0,0
196,144,0,50,0,0,196,0,185,182,0,50,0,0,185,0,0
196,144,0,50,0,0,196,0,183,182,0,50,0,0,183,0,0
194,144,0,50,0,0,194,0,181,182,0,50,0,0,181,17,0
192,144,0,50,0,0,192,0,179,182,0,50,0,0,179,117,0
184,144,0,50,0,0,184,0,171,182,0,50,0,0,171,294,0
181,144,0,50,0,0,181,0,168,182,0,50,0,0,168,683,0
180,144,0,50,0,0,180,0,167,182,0,50,0,0,167,764,0
185,144,0,50,0,0,185,0,172,182,1,50,0,0,172,460,0
189,144,0,50,0,0,189,0,180,182,1,50,0,0,180,189,0
190,144,0,50,0,0,190,0,179,182,1,50,0,0,179,128,0
194,144,0,50,0,0,194,0,184,182,0,50,0,0,184,46,0
194,144,0,50,0,0,194,0,184,182,0,50,0,0,184,0,0
195,144,0,50,0,0,195,0,187,182,0,50,0,0,185,0,0
199,144,0,50,0,0,199,0,189,182,0,50,0,0,189,0,0
201,144,0,50,0,0,201,0,190,182,0,50,0,0,190,0,0
202,144,0,50,0,0,202,0,188,182,0,50,0,0,188,0,0
201,144,0,50,0,0,201,0,185,182,0,50,0,0,185,0,0
195,144,0,50,0,0,195,0,179,182,0,50,0,0,179,117,0
196,144,0,50,0,0,196,0,180,182,0,50,0,0,180,87,0
197,144,0,50,0,0,197,0,181,182,0,50,0,0,181,41,0
195,144,0,50,0,0,195,0,181,182,0,50,0,0,181,10,0
194,144,0,50,0,0,194,0,183,182,0,50,0,0,183,0,0
195,144,0,50,0,0,195,0,185,182,0,50,0,0,185,0,0
191,144,0,50,0,0,191,0,182,182,0,50,0,0,182,0,0
187,144,0,50,0,0,187,0,177,182,1,50,0,0,177,232,0
188,144,0,50,0,0,188,0,178,182,1,50,0,0,178,228,0
186,144,0,50,0,0,186,0,175,182,1,50,0,0,175,316,0
185,144,0,50,0,0,185,0,173,182,1,50,0,0,173,396,0
183,144,0,50,0,0,183,0,170,182,1,50,0,0,170,567,0
181,144,0,50,0,0,181,0,168,182,1,50,0,0,168,614,0
183,144,0,50,0,0,183,0,170,182,1,50,0,0,170,592,0
186,144,0,50,0,0,186,0,173,182,1,50,0,0,173,507,0
187,144,0,50,0,0,187,0,174,182,1,50,0,0,174,355,0
190,144,0,50,0,0,190,0,178,182,1,50,0,0,178,323,0
194,144,0,50,0,0,194,0,182,182,0,50,0,0,182,0,0
194,144,0,50,0,0,194,0,182,182,0,50,0,0,182,0,0
193,144,0,50,0,0,193,0,180,182,0,50,0,0,180,96,0
192,144,0,50,0,0,192,0,178,182,0,50,0,0,178,182,0
193,144,0,50,0,0,193,0,180,182,0,50,0,0,180,89,0
186,144,0,50,0,0,186,0,174,182,0,50,0,0,174,210,0
184,144,0,50,0,0,184,0,172,182,1,50,0,0,172,489,0
184,144,0,50,0,0,184,0,171,182,1,50,0,0,171,525,0
184,144,0,50,0,0,184,0,172,182,1,50,0,0,172,528,0
189,144,0,50,0,0,189,0,178,182,1,50,0,0,178,435,0
193,144,0,50,0,0,193,0,183,182,0,50,0,0,183,176,0
197,144,0,50,0,0,197,0,188,182,0,50,0,0,188,0,0
200,144,0,50,0,0,200,0,189,182,0,50,0,0,189,0,0
199,144,0,50,0,0,199,0,189,182,0,50,0,0,189,0,0
198,144,0,50,0,0,198,0,188,182,0,50,0,0,188,0,0
202,144,0,50,0,0,202,0,191,182,0,50,0,0,191,0,0
201,144,0,50,0,0,201,0,191,182,0,50,0,0,191,0,0
197,144,0,50,0,0,197,0,185,182,0,50,0,0,185,0,0
193,144,0,50,0,0,193,0,181,182,0,50,0,0,181,0,0
191,144,0,50,0,0,191,0,179,182,0,50,0,0,179,144,0
191,144,0,50,0,0,191,0,179,182,0,50,0,0,179,107,0
186,144,0,50,0,0,186,0,174,182,0,50,0,0,174,235,0
186,144,0,50,0,0,186,0,174,182,0,50,0,0,174,387,0
190,144,0,50,0,0,190,0,179,182,0,50,0,0,179,144,0
190,144,0,50,0,0,190,0,179,182,0,50,0,0,179,105,0
192,144,0,50,0,0,192,0,180,182,0,50,0,0,180,69,0
191,144,0,50,0,0,191,0,179,182,0,50,0,0,179,91,0
190,144,0,50,0,0,190,0,179,182,0,50,0,0,179,116,0
190,144,0,50,0,0,190,0,180,182,0,50,0,0,180,107,0
192,144,0,50,0,0,192,0,182,182,0,50,0,0,182,0,0
189,144,0,50,0,0,189,0,177,182,0,50,0,0,177,0,0
187,144,0,50,0,0,187,0,174,182,0,50,0,0,174,351,0
185,144,0,50,0,0,185,0,174,182,0,50,0,0,174,337,0
186,144,0,50,0,0,186,0,174,182,0,50,0,0,174,362,0
186,144,0,50,0,0,186,0,175,182,0,50,0,0,175,280,0
187,144,0,50,0,0,187,0,175,182,0,50,0,0,175,323,0
186,144,0,50,0,0,186,0,171,182,0,50,0,0,171,469,0
188,144,0,50,0,0,188,0,175,182,0,50,0,0,175,514,0
196,144,0,50,0,0,196,0,183,182,0,50,0,0,183,107,0
199,144,0,50,0,0,199,0,185,182,0,50,0,0,185,0,0
200,144,0,50,0,0,200,0,188,182,0,50,0,0,188,0,0
201,144,0,50,0,0,201,0,189,182,0,50,0,0,189,0,0
202,144,0,50,0,0,202,0,191,182,0,50,0,0,191,0,0
201,144,0,50,0,0,201,0,189,182,0,50,0,0,189,0,0
198,144,0,50,0,0,198,0,184,182,0,50,0,0,184,0,0
195,144,0,50,0,0,195,0,182,182,0,50,0,0,182,0,0
192,144,0,50,0,0,192,0,179,182,0,50,0,0,179,17,0
191,144,0,50,0,0,191,0,176,182,0,50,0,0,176,139,0
183,144,0,50,0,0,183,0,170,182,0,50,0,0,170,414,0
181,144,0,50,0,0,181,0,169,182,0,50,0,0,169,557,0
176,144,0,50,0,0,176,0,164,182,0,50,0,0,164,750,0
175,144,0,50,0,0,175,0,164,182,1,50,0,0,164,851,0
178,144,0,50,0,0,178,0,167,182,0,50,0,0,167,844,0
179,144,0,50,0,0,179,0,169,182,0,50,0,0,169,719,0
185,144,0,50,0,0,185,0,173,182,0,50,0,0,173,539,0
190,144,0,50,0,0,190,0,177,182,0,50,0,0,177,423,0
195,144,0,50,0,0,195,0,182,182,0,50,0,0,182,216,0
197,144,0,50,0,0,197,0,183,182,0,50,0,0,183,0,0
196,144,0,50,0,0,196,0,183,182,0,50,0,0,183,0,0
198,144,0,50,0,0,198,0,183,182,0,50,0,0,183,0,0
197,144,0,50,0,0,197,0,183,182,0,50,0,0,183,0,0
200,144,0,50,0,0,200,0,186,182,0,50,0,0,186,0,0
206,144,0,50,0,0,206,0,195,182,0,50,0,0,195,0,0
208,144,0,50,0,0,208,0,198,182,0,50,0,0,198,0,0
202,144,0,50,0,0,202,0,192,182,0,50,0,0,192,0,0
201,144,0,50,0,0,201,0,191,182,0,50,0,0,191,0,0
201,144,0,50,0,0,201,0,189,182,0,50,0,0,189,0,0
200,144,0,50,0,0,200,0,189,182,0,50,0,0,189,0,0
198,144,0,50,0,0,198,0,188,182,0,50,0,0,188,0,0
196,144,0,50,0,0,196,0,185,182,0,50,0,0,185,0,0
192,144,0,50,0,0,192,0,180,182,0,50,0,0,180,0,0
190,144,0,50,0,0,190,0,179,182,1,50,0,0,179,51,0
189,144,0,50,0,0,189,0,178,182,1,50,0,0,178,117,0
189,144,0,50,0,0,189,0,179,182,1,50,0,0,179,155,0
192,144,0,50,0,0,192,0,183,182,1,50,0,0,183,123,0
193,144,0,50,0,0,193,0,185,182,0,50,0,0,185,0,0
190,144,0,50,0,0,190,0,182,182,0,50,0,0,182,0,0
189,144,0,50,0,0,189,0,178,182,0,50,0,0,178,0,0
189,144,0,50,0,0,189,0,176,182,1,50,0,0,176,155,0
191,144,0,50,0,0,191,0,176,182,1,50,0,0,176,280,0
191,144,0,50,0,0,191,0,177,182,1,50,0,0,177,266,0
188,144,0,50,0,0,188,0,175,182,1,50,0,0,175,248,0
187,144,0,50,0,0,187,0,175,182,1,50,0,0,175,333,0
185,144,0,50,0,0,185,0,174,182,1,50,0,0,174,337,0
186,144,0,50,0,0,186,0,175,182,1,50,0,0,175,351,0
186,144,0,50,0,0,186,0,176,182,1,50,0,0,176,319,0
186,144,0,50,0,0,186,0,175,182,1,50,0,0,175,296,0
189,144,0,50,0,0,189,0,179,182,1,50,0,0,179,350,0
189,144,0,50,0,0,189,0,180,182,0,50,0,0,180,114,0
191,144,0,50,0,0,191,0,180,182,0,50,0,0,180,96,0
191,144,0,50,0,0,191,0,180,182,0,50,0,0,180,100,0
185,144,0,50,0,0,185,0,173,182,0,50,0,0,173,408,0
184,144,0,50,0,0,184,0,172,182,1,50,0,0,172,471,0
185,144,0,50,0,0,185,0,174,182,1,50,0,0,174,380,0
189,144,0,50,0,0,189,0,177,182,1,50,0,0,177,241,0
195,144,0,50,0,0,195,0,184,182,0,50,0,0,184,0,0
195,144,0,50,0,0,195,0,184,182,0,50,0,0,184,0,0
189,144,0,50,0,0,189,0,177,182,0,50,0,0,177,233,0
189,144,0,50,0,0,189,0,176,182,1,50,0,0,176,289,0
187,144,0,50,0,0,187,0,175,182,1,50,0,0,175,339,0
188,144,0,50,0,0,188,0,176,182,0,50,0,0,176,257,0
189,144,0,50,0,0,189,0,178,182,0,50,0,0,178,200,0
188,144,0,50,0,0,188,0,176,182,0,50,0,0,176,278,0
184,144,0,50,0,0,184,0,170,182,1,50,0,0,170,569,0
185,144,0,50,0,0,185,0,170,182,1,50,0,0,170,564,0
187,144,0,50,0,0,187,0,175,182,0,50,0,0,175,341,0
191,144,0,50,0,0,191,0,179,182,0,50,0,0,179,150,0
197,144,0,50,0,0,197,0,184,182,0,50,0,0,184,0,0
201,144,0,50,0,0,201,0,188,182,0,50,0,0,188,0,0
195,144,0,50,0,0,195,0,183,182,0,50,0,0,183,0,0
192,144,0,50,0,0,192,0,180,182,0,50,0,0,180,69,0
187,144,0,50,0,0,187,0,175,182,0,50,0,0,175,239,0
187,144,0,50,0,0,187,0,176,182,0,50,0,0,176,285,0
186,144,0,50,0,0,186,0,174,182,0,50,0,0,174,296,0
186,144,0,50,0,0,186,0,174,182,0,50,0,0,174,400,0
187,144,0,50,0,0,187,0,176,182,0,50,0,0,176,358,0
191,144,0,50,0,0,191,0,180,182,0,50,0,0,180,89,0
195,144,0,50,0,0,195,0,184,182,0,50,0,0,184,0,0
192,144,0,50,0,0,192,0,184,182,0,50,0,0,184,0,0
198,144,0,50,0,0,198,0,189,182,0,50,0,0,189,0,0
200,144,0,50,0,0,200,0,191,182,0,50,0,0,191,0,0
196,144,0,50,0,0,196,0,186,182,0,50,0,0,186,0,0
196,144,0,50,0,0,196,0,185,182,0,50,0,0,185,0,0
198,144,0,50,0,0,198,0,185,182,0,50,0,0,185,0,0
197,144,0,50,0,0,197,0,183,182,0,50,0,0,183,0,0
198,144,0,50,0,0,198,0,186,182,0,50,0,0,186,0,0
198,144,0,50,0,0,198,0,186,182,0,50,0,0,186,0,0
194,144,0,50,0,0,194,0,183,182,0,50,0,0,183,0,0
193,144,0,50,0,0,193,0,184,182,0,50,0,0,184,0,0
191,144,0,50,0,0,191,0,181,182,0,50,0,0,181,0,0
192,144,0,50,0,0,192,0,181,182,0,50,0,0,181,7,0
193,144,0,50,0,0,193,0,180,182,0,50,0,0,180,0,0
191,144,0,50,0,0,191,0,178,182,0,50,0,0,178,153,0
189,144,0,50,0,0,189,0,173,182,0,50,0,0,176,287,0
184,144,0,50,0,0,184,0,172,182,0,50,0,0,172,496,0
183,144,0,50,0,0,183,0,171,182,0,50,0,0,171,526,0
184,144,0,50,0,0,184,0,172,182,0,50,0,0,172,475,0
184,144,0,50,0,0,184,0,172,182,0,50,0,0,172,496,0
182,144,0,50,0,0,182,0,170,182,0,50,0,0,170,578,0
183,144,0,50,0,0,183,0,172,182,0,50,0,0,172,478,0
182,144,0,50,0,0,182,0,172,182,0,50,0,0,172,444,0
183,144,0,50,0,0,183,0,173,182,0,50,0,0,173,407,0
192,144,0,50,0,0,192,0,183,182,0,50,0,0,183,194,0
195,144,0,50,0,0,195,0,186,182,0,50,0,0,186,0,0
201,144,0,50,0,0,201,0,191,182,0,50,0,0,191,0,0
205,144,0,50,0,0,205,0,193,182,0,50,0,0,193,0,0
205,144,0,50,0,0,205,0,191,182,0,50,0,0,191,0,0
203,144,0,50,0,0,203,0,189,182,0,50,0,0,189,0,0
202,144,0,50,0,0,202,0,188,182,0,50,0,0,188,0,0
200,144,0,50,0,0,200,0,188,182,0,50,0,0,188,0,0
192,144,0,50,0,0,192,0,181,182,0,50,0,0,181,0,0
187,144,0,50,0,0,187,0,176,182,0,50,0,0,176,267,0
188,144,0,50,0,0,188,0,174,182,0,50,0,0,174,403,0
188,144,0,50,0,0,188,0,176,182,0,50,0,0,176,253,0
190,144,0,50,0,0,190,0,179,182,0,50,0,0,179,200,0
191,144,0,50,0,0,191,0,180,182,0,50,0,0,180,62,0
186,144,0,50,0,0,186,0,176,182,0,50,0,0,176,160,0
185,144,0,50,0,0,185,0,176,182,0,50,0,0,176,296,0
187,144,0,50,0,0,187,0,177,182,0,50,0,0,177,203,0
186,144,0,50,0,0,186,0,175,182,0,50,0,0,175,312,0
186,144,0,50,0,0,186,0,175,182,0,50,0,0,175,341,0
187,144,0,50,0,0,187,0,176,182,0,50,0,0,176,298,0
188,144,0,50,0,0,188,0,175,182,0,50,0,0,175,314,0
189,144,0,50,0,0,189,0,176,182,0,50,0,0,176,251,0
190,144,0,50,0,0,190,0,176,182,0,50,0,0,176,241,0
187,144,0,50,0,0,187,0,175,182,0,50,0,0,175,258,0
186,144,0,50,0,0,186,0,175,182,0,50,0,0,175,317,0
188,144,0,50,0,0,188,0,177,182,1,50,0,0,177,335,0
188,144,0,50,0,0,188,0,176,182,1,50,0,0,176,282,0
190,144,0,50,0,0,190,0,179,182,1,50,0,0,179,287,0
192,144,0,50,0,0,192,0,179,182,1,50,0,0,179,58,0
197,144,0,50,0,0,197,0,183,182,1,50,0,0,183,103,0
200,144,0,50,0,0,200,0,189,182,0,50,0,0,189,0,0
203,144,0,50,0,0,203,0,193,182,0,50,0,0,193,0,0
195,144,0,50,0,0,195,0,183,182,0,50,0,0,183,0,0
193,144,0,50,0,0,193,0,180,182,0,50,0,0,180,0,0
191,144,0,50,0,0,191,0,178,182,1,50,0,0,178,108,0
188,144,0,50,0,0,188,0,175,182,1,50,0,0,175,166,0
185,144,0,50,0,0,185,0,173,182,1,50,0,0,173,410,0
186,144,0,50,0,0,186,0,174,182,1,50,0,0,174,419,0
189,144,0,50,0,0,189,0,179,182,1,50,0,0,179,298,0
191,144,0,50,0,0,191,0,181,182,0,50,0,0,181,123,0
194,144,0,50,0,0,194,0,182,182,0,50,0,0,182,0,0
193,144,0,50,0,0,193,0,181,182,0,50,0,0,181,0,0
191,144,0,50,0,0,191,0,178,182,0,50,0,0,178,130,0
191,144,0,50,0,0,191,0,179,182,0,50,0,0,179,175,0
187,144,0,50,0,0,187,0,175,182,0,50,0,0,175,139,0
184,144,0,50,0,0,184,0,172,182,1,50,0,0,172,308,0
185,144,0,50,0,0,185,0,171,182,1,50,0,0,171,485,0
187,144,0,50,0,0,187,0,173,182,1,50,0,0,173,546,0
188,144,0,50,0,0,188,0,174,182,1,50,0,0,174,446,0
192,144,0,50,0,0,192,0,177,182,1,50,0,0,177,355,0
191,144,0,50,0,0,191,0,176,182,0,50,0,0,176,244,0
190,144,0,50,0,0,190,0,177,182,1,50,0,0,177,282,0
191,144,0,50,0,0,191,0,178,182,0,50,0,0,178,239,0
192,144,0,50,0,0,192,0,179,182,0,50,0,0,179,176,0
194,144,0,50,0,0,194,0,180,182,0,50,0,0,180,130,0
199,144,0,50,0,0,199,0,187,182,0,50,0,0,187,0,0
199,144,0,50,0,0,199,0,188,182,0,50,0,0,188,0,0
196,144,0,50,0,0,196,0,185,182,0,50,0,0,185,0,0
195,144,0,50,0,0,195,0,184,182,0,50,0,0,184,0,0
196,144,0,50,0,0,196,0,184,182,0,50,0,0,184,0,0
192,144,0,50,0,0,192,0,180,182,0,50,0,0,180,0,0
189,144,0,50,0,0,189,0,178,182,0,50,0,0,178,153,0
188,144,0,50,0,0,188,0,178,182,0,50,0,0,178,157,0
188,144,0,50,0,0,188,0,178,182,0,50,0,0,178,137,0
191,144,0,50,0,0,191,0,181,182,0,50,0,0,181,155,0
197,144,0,50,0,0,197,0,186,182,0,50,0,0,186,0,0
197,144,0,50,0,0,197,0,186,182,0,50,0,0,186,0,0
199,144,0,50,0,0,199,0,187,182,0,50,0,0,187,0,0
198,144,0,50,0,0,198,0,188,182,0,50,0,0,188,0,0
197,144,0,50,0,0,197,0,187,182,0,50,0,0,187,0,0
195,144,0,50,0,0,195,0,185,182,0,50,0,0,185,0,0
189,144,0,50,0,0,189,0,179,182,0,50,0,0,179,0,0
183,144,0,50,0,0,183,0,172,182,0,50,0,0,172,132,0
173,144,0,50,0,0,173,0,160,182,0,50,0,0,160,460,0
171,144,0,50,0,0,171,0,160,182,1,50,0,0,160,1000,0
174,144,0,50,0,0,174,0,164,182,1,50,0,0,164,1000,0
176,144,0,50,0,0,176,0,165,182,1,50,0,0,165,889,0
181,144,0,50,0,0,181,0,171,182,1,50,0,0,171,807,0
182,144,0,50,0,0,182,0,172,182,0,50,0,0,172,521,0
184,144,0,50,0,0,184,0,175,182,0,50,0,0,175,460,0
186,144,0,50,0,0,186,0,177,182,0,50,0,0,177,310,0
189,144,0,50,0,0,189,0,179,182,0,50,0,0,179,207,0
188,144,0,50,0,0,188,0,179,182,0,50,0,0,179,116,0
186,144,0,50,0,0,186,0,175,182,0,50,0,0,175,144,0
185,144,0,50,0,0,185,0,173,182,0,50,0,0,173,325,0
182,144,0,50,0,0,182,0,170,182,0,50,0,0,170,446,0
182,144,0,50,0,0,182,0,169,182,0,50,0,0,169,596,0
181,144,0,50,0,0,181,0,167,182,1,50,0,0,167,707,0
180,144,0,50,0,0,180,0,167,182,1,50,0,0,167,737,0
180,144,0,50,0,0,180,0,167,182,1,50,0,0,167,717,0
181,144,0,50,0,0,181,0,168,182,1,50,0,0,168,653,0
185,144,0,50,0,0,185,0,172,182,0,50,0,0,172,464,0
188,144,0,50,0,0,188,0,175,182,0,50,0,0,175,344,0
193,144,0,50,0,0,193,0,178,182,0,50,0,0,178,175,0
194,144,0,50,0,0,194,0,179,182,0,50,0,0,179,114,0
196,144,0,50,0,0,196,0,181,182,0,50,0,0,181,17,0
